{"version":3,"update_interval_hours":24,"settings":{"tierbase_search_timeout":15000,"mainbase_search_timeout":10000,"tierbase_api_timeout":35000,"mainbase_api_timeout":30000,"proxy_search_timeout":10000},"mainbase":["https://base1-hx.diltwo.com","https://base2-hx.diltwo.com","https://base3-hx.diltwo.com","https://base4-hx.diltwo.com","https://base5-hx.diltwo.com","https://base6-hx.diltwo.com","https://base7-hx.diltwo.com","https://base8-hx.diltwo.com","https://base9-hx.diltwo.com","https://base10-hx.diltwo.com","https://base11-hx.diltwo.com","https://mainbackupdomain.com"],"tierbase":["https://dyn-twyb.trlone.com:5199/h","https://dyn-bxps.diltwo.com:8979/h","https://dyn-iidu.killed.world:4476/h","https://dyn-azbe.condo-forest.net:5928/h","https://dyn-yibz.dispute.ooo:8914/h","https://dyn-qxca.cameron-brian.net:2296/h","https://dyn-jguy.thegrand.top:1794/h","https://dyn-tjvz.optics-thing.com:1753/h","https://dyn-cwzl.stood.fun:6623/h","https://dyn-trjt.penny-karen.com:5678/h","https://dyn-rntq.trips.ooo:9789/h","https://dyn-grag.thirty-raise.net:8816/h","https://dyn-uaem.penny-karen.com:9245/h","https://dyn-udat.earth-dying.com:7709/h","https://dyn-ugpq.dirty-derby.net:3917/h","https://dyn-nhic.gauge.world:4337/h","https://dyn-iidd.seats-robbie.com:7460/h","https://dyn-nicz.try9.net:7997/h","https://dyn-vxfd.referred.ooo:3574/h","https://dyn-jywp.cream-regards.net:9382/h","https://dyn-istb.restrict.ooo:3771/h","https://dyn-znab.common-faced.com:6331/h","https://dyn-esvp.loads-mariah.com:7716/h","https://dyn-nkcx.title-father.com:7526/h","https://dyn-afui.fixes-fellow.com:10574/h","https://dyn-yaqw.greece-china.net:9403/h","https://dyn-nzcj.defend-broad.org:4064/h","https://dyn-zgne.defend-broad.org:4768/h","https://dyn-cryr.crimes-segment.net:2135/h","https://dyn-kcdh.condo-forest.net:1805/h","https://dyn-ueme.referred.ooo:5581/h","https://dyn-dfle.common-faced.com:5379/h","https://dyn-cbdi.gauge.world:7557/h","https://dyn-thwa.optics-thing.com:7413/h","https://dyn-ulry.klafive.com:4851/h","https://dyn-aoip.fourqt.com:5410/h","https://dyn-umng.2po.info:3583/h","https://dyn-vdtu.earth-dying.com:9893/h","https://dyn-vooe.pimmel.top:2653/h","https://dyn-bpek.penny-karen.com:3041/h","https://dyn-ufjh.stood.fun:7245/h","https://dyn-uonk.gained-berlin.org:4963/h","https://dyn-gvcn.cream-regards.net:2045/h","https://dyn-sxws.fixes-fellow.com:8535/h","https://dyn-zang.common-faced.com:4123/h","https://dyn-hmcc.hopcdn.com:6845/h","https://dyn-ckjm.thirty-raise.net:3277/h","https://dyn-umfw.prior.world:6994/h","https://dyn-zbdw.topcdn.org:4511/h","https://dyn-lgxk.articles-subtle.net:8263/h","https://dyn-kkgp.clicking.ooo:6019/h","https://dyn-jrtc.moral.fun:7782/h","https://dyn-pxmz.delay.ooo:2912/h","https://dyn-usnc.earth-dying.com:2019/h","https://dyn-dimz.rotation.fun:6360/h","https://dyn-rxwo.prior.world:11003/h","https://dyn-sgpp.menus.life:8342/h","https://dyn-phwt.colon-teddy.fun:1486/h","https://dyn-ganu.priced.site:9976/h","https://dyn-oryv.column-total.net:3112/h","https://dyn-efdd.earth-dying.com:3215/h","https://dyn-dxni.restrict.ooo:3562/h","https://dyn-efsm.radical.fun:5172/h","https://dyn-euli.barriers-rides.net:4793/h","https://dyn-dwjh.colon-teddy.fun:2386/h","https://dyn-yurc.2po.info:4487/h","https://dyn-eadw.priced.site:2406/h","https://dyn-tdhs.seats-robbie.com:9292/h","https://dyn-fwis.lender.fun:7602/h","https://dyn-iljk.defend-broad.org:6190/h","https://dyn-hjmz.herein.world:9309/h","https://dyn-itjl.diltwo.com:6545/h","https://dyn-odlo.barriers-rides.net:6306/h","https://dyn-xtju.trlone.com:2087/h","https://dyn-jlro.dealt.ooo:6255/h","https://dyn-xtnh.dylan-roland.info:2284/h","https://dyn-ulzw.2po.info:4901/h","https://dyn-szwu.freestat.org:6889/h","https://dyn-ocxn.freestat.org:4492/h","https://dyn-bhkz.thirty-raise.net:3211/h","https://dyn-zrns.prior.world:3706/h","https://dyn-zjhf.korea-injured.com:9290/h","https://dyn-lixi.try9.net:1468/h","https://dyn-wrib.noticed.ooo:9700/h","https://dyn-ngtc.dispute.ooo:2435/h","https://dyn-vouc.penny-karen.com:3689/h","https://dyn-tpwj.rules-tiger.org:8125/h","https://dyn-lyzm.earth-dying.com:5731/h","https://dyn-oahv.killed.world:1188/h","https://dyn-ifiw.cameron-brian.net:8166/h","https://dyn-kyqt.common-faced.com:4773/h","https://dyn-llro.fourqt.com:5513/h","https://dyn-lwpq.cameron-brian.net:5729/h","https://dyn-kerx.korea-injured.com:5741/h","https://dyn-mhqj.charged.fun:8426/h","https://dyn-gcuv.wealth-arcade.com:7387/h","https://dyn-jduk.loads-mariah.com:5742/h","https://dyn-dpam.menus.life:10468/h","https://dyn-egfk.fourqt.com:9757/h","https://dyn-ojzb.thirty-raise.net:8095/h","https://dyn-ucui.gained-berlin.org:3183/h","https://dyn-phsp.pluto3.org:4423/h","https://dyn-ewip.wayne-decide.org:9731/h","https://dyn-hdsi.moral.fun:3511/h","https://dyn-jtgb.rules-tiger.org:6387/h","https://dyn-dnmq.rotation.fun:4565/h","https://dyn-ssye.bedroom.life:9073/h","https://dyn-tadk.cd-n.net:1934/h","https://dyn-huso.pluto3.org:6669/h","https://dyn-yuec.earth-dying.com:4795/h","https://dyn-ekkn.dirty-derby.net:1756/h","https://dyn-eqdc.barriers-rides.net:5191/h","https://dyn-elbn.defend-broad.org:3249/h","https://dyn-fsqb.dryer.life:5409/h","https://dyn-phun.killed.world:2131/h","https://dyn-iocc.penny-karen.com:2685/h","https://dyn-knod.cnt2.net:4886/h","https://dyn-nmsj.delay.ooo:10229/h","https://dyn-adrg.dryer.life:2720/h","https://dyn-ttmj.wayne-decide.org:10759/h","https://dyn-hvsj.dispute.ooo:8316/h","https://dyn-gdfp.prior.world:3958/h","https://dyn-mxsr.pluto3.org:4833/h","https://dyn-saqn.enters-simply.net:6670/h","https://dyn-hseu.penny-karen.com:7870/h","https://dyn-vnsk.barriers-rides.net:1026/h","https://dyn-msbv.common-faced.com:2926/h","https://dyn-tzus.referred.ooo:5979/h","https://dyn-zjxy.restrict.ooo:8736/h","https://dyn-nlfs.dirty-derby.net:10048/h","https://dyn-dbzy.column-total.net:6169/h","https://dyn-ajgt.faith-invasion.com:6835/h","https://dyn-moqf.pluto3.org:1778/h","https://dyn-bdkr.cnt2.net:8961/h","https://dyn-drcc.gauge.world:1599/h","https://dyn-lqjw.dylan-roland.info:10142/h","https://dyn-xusn.moral.fun:7648/h","https://dyn-duof.applies.top:3254/h","https://dyn-iwfq.2po.info:7343/h","https://dyn-gefx.dispute.ooo:1754/h","https://dyn-keiy.bedroom.life:7236/h","https://dyn-kvcb.priced.top:4579/h","https://dyn-tcmz.lender.fun:2701/h","https://dyn-tyto.delay.ooo:3634/h","https://dyn-vjtk.seats-robbie.com:9426/h","https://dyn-axce.dylan-roland.info:10481/h","https://dyn-omsd.tribal-enjoy.com:9479/h","https://dyn-obhz.noticed.ooo:10546/h","https://dyn-hlhw.condo-forest.net:2366/h","https://dyn-zykq.delay.ooo:8426/h","https://dyn-nimg.barriers-rides.net:1938/h","https://dyn-cuee.priced.site:6361/h","https://dyn-cmfh.bedroom.life:1335/h","https://dyn-qaei.2po.info:1058/h","https://dyn-urib.articles-subtle.net:4760/h","https://dyn-jqps.sought.fun:6306/h","https://dyn-pgkj.noticed.ooo:8691/h","https://dyn-pxex.faith-invasion.com:4057/h","https://dyn-sanj.noticed.ooo:8492/h","https://dyn-jrbd.lender.fun:1136/h","https://dyn-saco.faith-invasion.com:4675/h","https://dyn-vdqu.fixes-fellow.com:5705/h","https://dyn-sbey.clicking.ooo:3073/h","https://dyn-kawh.priced.site:1123/h","https://dyn-egek.rotation.fun:10759/h","https://dyn-kdws.cream-regards.net:2598/h","https://dyn-vbad.priced.site:3782/h","https://dyn-lfiz.dealt.ooo:1558/h","https://dyn-wjeu.pluto3.org:9064/h","https://dyn-bjna.stood.fun:8325/h","https://dyn-litm.killed.world:1200/h","https://dyn-njok.bedroom.life:9480/h","https://dyn-nqoz.restrict.ooo:4779/h","https://dyn-ydpj.radical.fun:2460/h","https://dyn-jttk.priced.top:8483/h","https://dyn-mskh.herein.world:6124/h","https://dyn-zhyk.2po.info:3845/h","https://dyn-tsle.common-faced.com:10808/h","https://dyn-ulbh.seats-robbie.com:6750/h","https://dyn-xlcw.rules-tiger.org:8842/h","https://dyn-oucg.charged.fun:5502/h","https://dyn-qzgh.korea-injured.com:6518/h","https://dyn-ezrb.title-father.com:4358/h","https://dyn-isnn.moral.fun:1871/h","https://dyn-jtcy.gauge.world:3285/h","https://dyn-modp.penny-karen.com:7337/h","https://dyn-twio.topcdn.org:6345/h","https://dyn-zhco.clicking.ooo:7220/h","https://dyn-xbho.applies.top:6921/h","https://dyn-vwdv.noticed.ooo:8835/h","https://dyn-ocyb.delay.ooo:4108/h","https://dyn-cezg.dealt.ooo:3259/h","https://dyn-dtef.loads-mariah.com:1674/h","https://dyn-jouq.optics-thing.com:4229/h","https://dyn-nism.referred.ooo:7047/h","https://dyn-xeut.cameron-brian.net:9754/h","https://dyn-qpki.dirty-derby.net:1093/h","https://dyn-qepu.gamingmaster.xyz:8162/h","https://dyn-szqg.bless-charter.net:9425/h","https://dyn-xbkt.bless-charter.net:2586/h","https://dyn-ppwr.tracks.fun:2290/h","https://dyn-ujxa.trips.ooo:4956/h","https://dyn-avnv.hopcdn.com:7719/h","https://dyn-cskt.rotation.fun:7900/h","https://dyn-hkld.colon-teddy.fun:9184/h","https://dyn-upev.freestat.org:4226/h","https://dyn-ogbv.seems.info:9764/h","https://dyn-fehy.dispute.ooo:1779/h","https://dyn-jxqb.common-faced.com:2725/h","https://dyn-hfgd.moral.fun:9226/h","https://dyn-cyww.prior.world:1062/h","https://dyn-yskg.charged.fun:5363/h","https://dyn-assy.greece-china.net:2290/h","https://dyn-bhhs.korea-injured.com:5213/h","https://dyn-ebtb.dryer.life:2002/h","https://dyn-durq.hopcdn.com:3176/h","https://dyn-nzxv.pluto3.org:1097/h","https://dyn-nfwp.articles-subtle.net:9393/h","https://dyn-xque.tribal-enjoy.com:8499/h","https://dyn-dxxm.killed.world:5070/h","https://dyn-zddj.2po.info:5266/h","https://dyn-zzri.moral.fun:3333/h","https://dyn-dliv.seems.info:10572/h","https://dyn-cyru.wayne-decide.org:5411/h","https://dyn-ltyb.moral.fun:8340/h","https://dyn-kxke.optics-thing.com:7395/h","https://dyn-cboi.greece-china.net:5740/h","https://dyn-nuja.bless-charter.net:7863/h","https://dyn-tjnp.enters-simply.net:2237/h","https://dyn-wjby.killed.world:5247/h","https://dyn-rupj.greece-china.net:4150/h","https://dyn-hjne.tracks.fun:2574/h","https://dyn-aohe.dylan-roland.info:3223/h","https://dyn-ahal.dryer.life:4707/h","https://dyn-lbuz.wayne-decide.org:4964/h","https://dyn-qwav.cameron-brian.net:4144/h","https://dyn-rztq.stood.fun:6958/h","https://dyn-nhln.dealt.ooo:2084/h","https://dyn-ctay.radical.fun:4162/h","https://dyn-hdrf.cnt2.net:4779/h","https://dyn-nrkb.try9.net:2781/h","https://dyn-txxh.excerpt.info:1099/h","https://dyn-rcyn.loads-mariah.com:8508/h","https://dyn-iglv.dylan-roland.info:1757/h","https://dyn-kpar.wealth-arcade.com:7023/h","https://dyn-isuv.gauge.world:7630/h","https://dyn-lyke.priced.top:6313/h","https://dyn-poah.clicking.ooo:9184/h","https://dyn-dtdb.defend-broad.org:1395/h","https://dyn-efzc.common-faced.com:3457/h","https://dyn-hnbd.priced.site:7078/h","https://dyn-qxgo.enters-simply.net:1441/h","https://dyn-vmwp.common-faced.com:10406/h","https://dyn-rscm.try9.net:7294/h","https://dyn-dboi.loads-mariah.com:4998/h","https://dyn-cpjx.bless-charter.net:7795/h","https://dyn-ufzx.applies.top:2578/h","https://dyn-kssu.earth-dying.com:8264/h","https://dyn-mrbq.excerpt.info:5304/h","https://dyn-atgw.wayne-decide.org:1809/h","https://dyn-eaho.thirty-raise.net:9126/h","https://dyn-hwlm.loads-mariah.com:6159/h","https://dyn-szaa.tracks.fun:4688/h","https://dyn-wbby.thirty-raise.net:6845/h","https://dyn-cnir.delay.ooo:7585/h","https://dyn-ktsb.tribal-enjoy.com:7127/h","https://dyn-zinx.trips.ooo:10235/h","https://dyn-ralb.loads-mariah.com:6604/h","https://dyn-abfn.dealt.ooo:9137/h","https://dyn-qwlh.optics-thing.com:2261/h","https://dyn-emlh.diltwo.com:10507/h","https://dyn-fnli.priced.top:4983/h","https://dyn-cgvo.dryer.life:9791/h","https://dyn-pjgv.clicking.ooo:5982/h","https://dyn-ewmo.cnt2.net:4151/h","https://dyn-fwiy.try9.net:5818/h","https://dyn-hxuj.cd-n.net:1567/h","https://dyn-lyzi.enters-simply.net:10562/h","https://dyn-jeis.excerpt.info:1708/h","https://dyn-fpoe.fixes-fellow.com:1515/h","https://dyn-mkmc.priced.site:8983/h","https://dyn-whoe.bless-charter.net:9116/h","https://dyn-pbfq.moral.fun:4546/h","https://dyn-tagz.optics-thing.com:8619/h","https://dyn-kvbz.trips.ooo:8028/h","https://dyn-looy.enters-simply.net:1631/h","https://dyn-leac.rotation.fun:6390/h","https://dyn-rvqb.fixes-fellow.com:9262/h","https://dyn-xvks.wayne-decide.org:2694/h","https://dyn-dpzd.noticed.ooo:6789/h","https://dyn-iyvx.sought.fun:3603/h","https://dyn-sxih.common-faced.com:4116/h","https://dyn-fhtn.thegrand.top:6991/h","https://dyn-bxgq.earth-dying.com:2576/h","https://dyn-crin.tribal-enjoy.com:4841/h","https://dyn-radn.loads-mariah.com:3791/h","https://dyn-vbdk.killed.world:1350/h","https://dyn-swmc.spies.ooo:8489/h","https://dyn-ylbr.prior.world:10151/h","https://dyn-rijx.prior.world:8772/h","https://dyn-jnlq.sought.fun:3244/h","https://dyn-encj.crimes-segment.net:4023/h","https://dyn-oekx.korea-injured.com:3745/h","https://dyn-iydf.faith-invasion.com:4203/h","https://dyn-hpkp.dealt.ooo:6921/h","https://dyn-behi.cd-n.net:6959/h","https://dyn-sprw.trlone.com:2992/h","https://dyn-jfex.killed.world:10471/h","https://dyn-ahvt.korea-injured.com:2443/h","https://dyn-bhfp.noticed.ooo:8714/h","https://dyn-tsgc.wealth-arcade.com:7362/h","https://dyn-ecwr.2po.info:5524/h","https://dyn-exbq.barriers-rides.net:4623/h","https://dyn-ibhv.barriers-rides.net:1362/h","https://dyn-nnwc.sought.fun:10008/h","https://dyn-azvy.rules-tiger.org:5721/h","https://dyn-ayck.defend-broad.org:3351/h","https://dyn-acag.stood.fun:10570/h","https://dyn-ogmt.tracks.fun:1316/h","https://dyn-smrf.pluto3.org:5542/h","https://dyn-igdq.cream-regards.net:3138/h","https://dyn-njuo.wealth-arcade.com:10746/h","https://dyn-nhyy.greece-china.net:1213/h","https://dyn-ujzt.faith-invasion.com:5010/h","https://dyn-uyhi.earth-dying.com:9359/h","https://dyn-bxbd.dylan-roland.info:4584/h","https://dyn-bymq.articles-subtle.net:1221/h","https://dyn-lzcw.klafive.com:10964/h","https://dyn-czpd.crimes-segment.net:2877/h","https://dyn-veml.charged.fun:7281/h","https://dyn-evjp.wayne-decide.org:3809/h","https://dyn-wxgm.dirty-derby.net:3155/h","https://dyn-nkfv.referred.ooo:9004/h","https://dyn-phtk.fourqt.com:7007/h","https://dyn-oavu.wealth-arcade.com:5902/h","https://dyn-maxk.seems.info:5924/h","https://dyn-ekbg.seats-robbie.com:1832/h","https://dyn-njxs.dealt.ooo:8594/h","https://dyn-dlgb.rules-tiger.org:3011/h","https://dyn-fybn.menus.life:4375/h","https://dyn-buvu.fourqt.com:4805/h","https://dyn-hfic.menus.life:1482/h","https://dyn-ciog.tracks.fun:8679/h","https://dyn-wzuc.defend-broad.org:5754/h","https://dyn-vzjp.cd-n.net:3817/h","https://dyn-npey.optics-thing.com:3121/h","https://dyn-hfzs.delay.ooo:10303/h","https://dyn-iqex.hopcdn.com:4331/h","https://dyn-nzrr.enters-simply.net:8690/h","https://dyn-dpry.pluto3.org:5676/h","https://dyn-oyla.2po.info:6921/h","https://dyn-gnbo.prior.world:5964/h","https://dyn-sgep.dylan-roland.info:8363/h","https://dyn-qsjc.priced.top:2799/h","https://dyn-qxxt.stood.fun:5757/h","https://dyn-ncao.title-father.com:7194/h","https://dyn-jjmh.seats-robbie.com:2385/h","https://dyn-kfgu.rules-tiger.org:2766/h","https://dyn-xcki.killed.world:3747/h","https://dyn-wkql.tracks.fun:9760/h","https://dyn-tgve.optics-thing.com:8589/h","https://dyn-safr.prior.world:9439/h","https://dyn-kdml.sought.fun:2655/h","https://dyn-uwjb.gained-berlin.org:2632/h","https://dyn-zbfb.tribal-enjoy.com:10844/h","https://dyn-kipf.excerpt.info:4283/h","https://dyn-khoq.bless-charter.net:11005/h","https://dyn-zckr.fixes-fellow.com:7129/h","https://dyn-vikk.clicking.ooo:7133/h","https://dyn-ruyj.trips.ooo:3166/h","https://dyn-xfkb.trlone.com:7362/h","https://dyn-omla.diltwo.com:4038/h","https://dyn-rqqy.thegrand.top:2340/h","https://dyn-gbpx.wayne-decide.org:3208/h","https://dyn-mziw.wayne-decide.org:5918/h","https://dyn-jkqj.seems.info:3697/h","https://dyn-uoqj.delay.ooo:3856/h","https://dyn-uasy.noticed.ooo:6408/h","https://dyn-phho.applies.top:10593/h","https://dyn-vrlt.gamingmaster.xyz:10708/h","https://dyn-cjld.dryer.life:1715/h","https://dyn-ppmk.dealt.ooo:6588/h","https://dyn-uxyb.menus.life:1871/h","https://dyn-vmgg.cameron-brian.net:2215/h","https://dyn-zmmw.rules-tiger.org:1723/h","https://dyn-atot.charged.fun:9821/h","https://dyn-yjuz.klafive.com:1775/h","https://dyn-zuph.colon-teddy.fun:1895/h","https://dyn-zlor.bedroom.life:7439/h","https://dyn-mikv.klafive.com:8246/h","https://dyn-ggam.cameron-brian.net:5324/h","https://dyn-fmkr.thirty-raise.net:5700/h","https://dyn-pmgz.articles-subtle.net:2854/h","https://dyn-cmxy.sought.fun:5832/h","https://dyn-otpf.spies.ooo:3943/h","https://dyn-ykjc.dirty-derby.net:6113/h","https://dyn-wsqi.wealth-arcade.com:2471/h","https://dyn-hwtn.seems.info:8603/h","https://dyn-rtni.common-faced.com:5451/h","https://dyn-ghvf.cnt2.net:7038/h","https://dyn-frhc.trips.ooo:2466/h","https://dyn-zuiv.rules-tiger.org:3073/h","https://dyn-glfy.moral.fun:3643/h","https://dyn-klur.fourqt.com:9550/h","https://dyn-mkbg.dealt.ooo:6031/h","https://dyn-kefc.cd-n.net:9407/h","https://dyn-hbbc.cream-regards.net:8765/h","https://dyn-qxlf.fourqt.com:8404/h","https://dyn-oqkj.gamingmaster.xyz:7227/h","https://dyn-pmpt.cream-regards.net:1136/h","https://dyn-auvb.trlone.com:3852/h","https://dyn-gjbv.trips.ooo:3706/h","https://dyn-mcer.radical.fun:3529/h","https://dyn-wllr.bedroom.life:1984/h","https://dyn-efzp.optics-thing.com:3038/h","https://dyn-azyg.gamingmaster.xyz:5690/h","https://dyn-axpx.diltwo.com:9599/h","https://dyn-zvbi.column-total.net:4934/h","https://dyn-pajp.trlone.com:6300/h","https://dyn-chbe.enters-simply.net:3069/h","https://dyn-bwpr.rules-tiger.org:8042/h","https://dyn-sgtz.korea-injured.com:2981/h","https://dyn-krmb.bedroom.life:8295/h","https://dyn-pzdv.penny-karen.com:5703/h","https://dyn-iqod.penny-karen.com:10695/h","https://dyn-kjgk.priced.top:3732/h","https://dyn-pxdz.killed.world:6715/h","https://dyn-fowb.dryer.life:1409/h","https://dyn-ahwi.common-faced.com:5427/h","https://dyn-ymau.gamingmaster.xyz:3293/h","https://dyn-eqvy.gauge.world:5700/h","https://dyn-lfvj.applies.top:8059/h","https://dyn-ifzf.try9.net:5286/h","https://dyn-jlwk.hopcdn.com:3785/h","https://dyn-vrrq.gamingmaster.xyz:9035/h","https://dyn-htsq.earth-dying.com:5542/h","https://dyn-zxvq.charged.fun:8065/h","https://dyn-yykm.column-total.net:5284/h","https://dyn-moaw.bedroom.life:8041/h","https://dyn-hces.colon-teddy.fun:5205/h","https://dyn-glsq.barriers-rides.net:1954/h","https://dyn-tbvy.trlone.com:5030/h","https://dyn-zekr.loads-mariah.com:9215/h","https://dyn-bgth.cream-regards.net:4208/h","https://dyn-cuqn.greece-china.net:10906/h","https://dyn-tbyf.trlone.com:5662/h","https://dyn-rmwy.trlone.com:2059/h","https://dyn-tzcy.noticed.ooo:6774/h","https://dyn-skcz.cameron-brian.net:8738/h","https://dyn-kmxt.applies.top:2329/h","https://dyn-pgoo.pimmel.top:1890/h","https://dyn-lyin.diltwo.com:9835/h","https://dyn-xbxt.crimes-segment.net:3744/h","https://dyn-gboe.trlone.com:9838/h","https://dyn-urlh.bedroom.life:3416/h","https://dyn-jbiq.thegrand.top:7930/h","https://dyn-nelc.delay.ooo:10581/h","https://dyn-vkau.priced.top:2665/h","https://dyn-bocw.fixes-fellow.com:10618/h","https://dyn-qsju.delay.ooo:4768/h","https://dyn-qsrl.gained-berlin.org:6991/h","https://dyn-yvef.wayne-decide.org:4433/h","https://dyn-penv.title-father.com:1412/h","https://dyn-byyg.restrict.ooo:1402/h","https://dyn-xkfc.rules-tiger.org:1839/h","https://dyn-cbuw.articles-subtle.net:2500/h","https://dyn-azsv.sought.fun:9129/h","https://dyn-azse.optics-thing.com:5251/h","https://dyn-jzas.freestat.org:3071/h","https://dyn-itlq.thegrand.top:5066/h","https://dyn-hysv.bless-charter.net:3455/h","https://dyn-vdub.bless-charter.net:7556/h","https://dyn-bdut.stood.fun:2275/h","https://dyn-upec.cd-n.net:10996/h","https://dyn-qwcd.dylan-roland.info:6835/h","https://dyn-awuy.dispute.ooo:6081/h","https://dyn-ypgn.pimmel.top:7296/h","https://dyn-tkla.herein.world:5155/h","https://dyn-wims.greece-china.net:4202/h","https://dyn-gzsq.killed.world:2605/h","https://dyn-yeud.excerpt.info:4358/h","https://dyn-ogst.dispute.ooo:9387/h","https://dyn-tbau.articles-subtle.net:3770/h","https://dyn-ulbj.noticed.ooo:6981/h","https://dyn-zihe.seems.info:10135/h","https://dyn-mjia.condo-forest.net:1434/h","https://dyn-ewic.enters-simply.net:3511/h","https://dyn-jpqb.tracks.fun:3935/h","https://dyn-gmng.thirty-raise.net:10209/h","https://dyn-jcgs.rotation.fun:6192/h","https://dyn-lpbb.seats-robbie.com:1364/h","https://dyn-lqpl.charged.fun:9137/h","https://dyn-dtsc.defend-broad.org:2461/h","https://dyn-ixpx.dirty-derby.net:5369/h","https://dyn-iicx.articles-subtle.net:3788/h","https://dyn-ozcp.fourqt.com:1374/h","https://dyn-cbwg.penny-karen.com:2163/h","https://dyn-xujy.cnt2.net:10647/h","https://dyn-dwfp.thirty-raise.net:2955/h","https://dyn-lttg.column-total.net:10877/h","https://dyn-jkrz.tribal-enjoy.com:10012/h","https://dyn-jhos.charged.fun:10227/h","https://dyn-fxdm.enters-simply.net:7570/h","https://dyn-qocd.tracks.fun:5603/h","https://dyn-jecz.gauge.world:3298/h","https://dyn-pxov.fourqt.com:2474/h","https://dyn-kcwl.enters-simply.net:2001/h","https://dyn-ttzz.dylan-roland.info:3663/h","https://dyn-mxjy.charged.fun:2523/h","https://dyn-mkxx.condo-forest.net:9276/h","https://dyn-tpde.gained-berlin.org:3266/h","https://dyn-ndge.dryer.life:6695/h","https://dyn-lpkz.clicking.ooo:5026/h","https://dyn-miqo.priced.site:2031/h","https://dyn-ombe.thirty-raise.net:4906/h","https://dyn-ncfz.loads-mariah.com:8569/h","https://dyn-dxvm.colon-teddy.fun:1920/h","https://dyn-iseb.lender.fun:7034/h","https://dyn-qzkz.cnt2.net:10763/h","https://dyn-icjv.wealth-arcade.com:2637/h","https://dyn-dgom.tribal-enjoy.com:4452/h","https://dyn-iklw.try9.net:3007/h","https://dyn-jeum.moral.fun:1040/h","https://dyn-gtpj.moral.fun:2979/h","https://dyn-wdje.topcdn.org:10976/h","https://dyn-tdxx.thegrand.top:4416/h","https://dyn-njpd.prior.world:9259/h","https://dyn-unyf.colon-teddy.fun:8006/h","https://dyn-awfw.defend-broad.org:3156/h","https://dyn-kzzp.articles-subtle.net:7633/h","https://dyn-rdor.penny-karen.com:10809/h","https://dyn-nuwi.thegrand.top:2653/h","https://dyn-gtbv.moral.fun:8341/h","https://dyn-rmvl.dirty-derby.net:2862/h","https://dyn-ihoj.optics-thing.com:10021/h","https://dyn-ozcf.2po.info:4497/h","https://dyn-iart.greece-china.net:10234/h","https://dyn-uyqo.enters-simply.net:7268/h","https://dyn-bzvp.radical.fun:3086/h","https://dyn-ybcw.excerpt.info:4071/h","https://dyn-zvgt.priced.top:3833/h","https://dyn-gdfa.excerpt.info:3695/h","https://dyn-lgpp.menus.life:4409/h","https://dyn-ygkt.korea-injured.com:5522/h","https://dyn-ifos.stood.fun:3321/h","https://dyn-ecaf.thirty-raise.net:9735/h","https://dyn-goea.dispute.ooo:10587/h","https://dyn-mkhu.moral.fun:1036/h","https://dyn-kcek.rules-tiger.org:2518/h","https://dyn-clkg.wayne-decide.org:2967/h","https://dyn-ygph.cnt2.net:9860/h","https://dyn-ohvv.referred.ooo:3836/h","https://dyn-xnks.colon-teddy.fun:7911/h","https://dyn-axnj.thirty-raise.net:8052/h","https://dyn-ctuy.tracks.fun:5595/h","https://dyn-gonu.bedroom.life:2673/h","https://dyn-khtw.dryer.life:5191/h","https://dyn-momi.rotation.fun:3020/h","https://dyn-dwap.condo-forest.net:10530/h","https://dyn-dpir.freestat.org:5678/h","https://dyn-dypf.common-faced.com:6364/h","https://dyn-ekrd.trips.ooo:9437/h","https://dyn-shks.killed.world:9585/h","https://dyn-zbyb.diltwo.com:1103/h","https://dyn-rlct.dirty-derby.net:2128/h","https://dyn-hoso.dispute.ooo:10916/h","https://dyn-zckh.gained-berlin.org:8007/h","https://dyn-facj.moral.fun:9198/h","https://dyn-qtyc.trips.ooo:1632/h","https://dyn-nvsk.priced.site:7071/h","https://dyn-drdc.cnt2.net:10035/h","https://dyn-heif.try9.net:1403/h","https://dyn-oqjw.earth-dying.com:3298/h","https://dyn-mvrp.rules-tiger.org:1415/h","https://dyn-fkgt.defend-broad.org:4857/h","https://dyn-acjo.noticed.ooo:7214/h","https://dyn-nepy.fixes-fellow.com:4832/h","https://dyn-jndu.fixes-fellow.com:8152/h","https://dyn-payg.charged.fun:1770/h","https://dyn-sinw.articles-subtle.net:8941/h","https://dyn-dzgr.optics-thing.com:5004/h","https://dyn-opuo.hopcdn.com:1277/h","https://dyn-aqdx.stood.fun:5727/h","https://dyn-pcyz.trips.ooo:5412/h","https://dyn-cfqk.gamingmaster.xyz:1138/h","https://dyn-oupr.column-total.net:5017/h","https://dyn-ddnc.seats-robbie.com:10163/h","https://dyn-eyay.fourqt.com:10288/h","https://dyn-ohhq.dealt.ooo:9934/h","https://dyn-cvgz.fixes-fellow.com:5963/h","https://dyn-uthy.earth-dying.com:2010/h","https://dyn-gqwc.cameron-brian.net:2019/h","https://dyn-lgfu.topcdn.org:3622/h","https://dyn-dcys.priced.site:7008/h","https://dyn-hubc.menus.life:1720/h","https://dyn-uozq.spies.ooo:9492/h","https://dyn-jtum.applies.top:6028/h","https://dyn-auci.radical.fun:2643/h","https://dyn-iefj.rules-tiger.org:5287/h","https://dyn-hhoy.gained-berlin.org:6200/h","https://dyn-kgjd.priced.site:5303/h","https://dyn-ztau.gained-berlin.org:10586/h","https://dyn-trsu.korea-injured.com:10401/h","https://dyn-xpnp.colon-teddy.fun:5180/h","https://dyn-rema.stood.fun:3039/h","https://dyn-rwjh.cd-n.net:1631/h","https://dyn-sjlw.tracks.fun:1504/h","https://dyn-wioa.noticed.ooo:7004/h","https://dyn-mlry.seems.info:2101/h","https://dyn-gxkw.klafive.com:3302/h","https://dyn-czol.fixes-fellow.com:2883/h","https://dyn-vpao.crimes-segment.net:3647/h","https://dyn-fjxl.cameron-brian.net:1572/h","https://dyn-mpcp.delay.ooo:9166/h","https://dyn-dyxl.menus.life:10309/h","https://dyn-oeyh.pimmel.top:4080/h","https://dyn-yhsr.gauge.world:4249/h","https://dyn-qlua.delay.ooo:10674/h","https://dyn-hukd.moral.fun:6463/h","https://dyn-evzv.penny-karen.com:10309/h","https://dyn-hjed.pimmel.top:6652/h","https://dyn-idkh.earth-dying.com:10117/h","https://dyn-pahr.penny-karen.com:7802/h","https://dyn-knok.klafive.com:1186/h","https://dyn-ards.colon-teddy.fun:5726/h","https://dyn-rryw.menus.life:9856/h","https://dyn-ikfd.condo-forest.net:1122/h","https://dyn-pdfd.tracks.fun:2750/h","https://dyn-jjtp.killed.world:9002/h","https://dyn-uidm.wealth-arcade.com:2905/h","https://dyn-vcgo.greece-china.net:7835/h","https://dyn-uhvn.seems.info:1213/h","https://dyn-flim.rotation.fun:6830/h","https://dyn-zpha.defend-broad.org:4684/h","https://dyn-cspb.bedroom.life:1610/h","https://dyn-unwm.cream-regards.net:3704/h","https://dyn-kmdn.earth-dying.com:7163/h","https://dyn-wowj.optics-thing.com:8089/h","https://dyn-tkjm.seems.info:4146/h","https://dyn-ihld.faith-invasion.com:4869/h","https://dyn-uvga.pimmel.top:1434/h","https://dyn-fgqo.cd-n.net:10107/h","https://dyn-jerp.enters-simply.net:2857/h","https://dyn-ztxq.menus.life:10373/h","https://dyn-etki.thirty-raise.net:9898/h","https://dyn-lken.spies.ooo:5356/h","https://dyn-hmgm.trips.ooo:3377/h","https://dyn-htgk.dealt.ooo:3959/h","https://dyn-xxsg.noticed.ooo:2247/h","https://dyn-cccp.tracks.fun:9321/h","https://dyn-nfil.excerpt.info:5573/h","https://dyn-tedr.penny-karen.com:8537/h","https://dyn-jvlt.moral.fun:2672/h","https://dyn-vzjn.spies.ooo:1702/h","https://dyn-egwv.earth-dying.com:1698/h","https://dyn-xsxg.korea-injured.com:5558/h","https://dyn-kyrg.try9.net:7924/h","https://dyn-hncu.korea-injured.com:6846/h","https://dyn-qhlo.thirty-raise.net:1574/h","https://dyn-jjzt.seats-robbie.com:8803/h","https://dyn-bdlj.common-faced.com:1350/h","https://dyn-dltc.hopcdn.com:10506/h","https://dyn-bhrk.menus.life:5015/h","https://dyn-nglo.menus.life:10901/h","https://dyn-zjwo.seems.info:8969/h","https://dyn-cmer.prior.world:1615/h","https://dyn-kcff.optics-thing.com:9970/h","https://dyn-qkwh.wayne-decide.org:7802/h","https://dyn-lmoa.sought.fun:5234/h","https://dyn-okin.diltwo.com:5620/h","https://dyn-rzhg.tribal-enjoy.com:10626/h","https://dyn-prxx.trlone.com:1222/h","https://dyn-jmhr.thirty-raise.net:2235/h","https://dyn-sroa.korea-injured.com:5101/h","https://dyn-gbiz.column-total.net:10364/h","https://dyn-rhxh.herein.world:7831/h","https://dyn-tkma.column-total.net:9848/h","https://dyn-xolt.dryer.life:7447/h","https://dyn-ftqh.rotation.fun:1417/h","https://dyn-mttb.fourqt.com:1346/h","https://dyn-salb.moral.fun:1260/h","https://dyn-kufi.fourqt.com:6120/h","https://dyn-lvke.referred.ooo:6384/h","https://dyn-awdm.dryer.life:1068/h","https://dyn-avzo.restrict.ooo:1425/h","https://dyn-wuba.seats-robbie.com:10305/h","https://dyn-hkpi.penny-karen.com:8093/h","https://dyn-xkoe.dylan-roland.info:10480/h","https://dyn-dqfk.spies.ooo:6164/h","https://dyn-wobw.pimmel.top:8927/h","https://dyn-odyl.prior.world:8936/h","https://dyn-yrje.cream-regards.net:1680/h","https://dyn-mnec.colon-teddy.fun:2860/h","https://dyn-ioml.priced.site:9850/h","https://dyn-niyk.delay.ooo:10349/h","https://dyn-eyik.klafive.com:7477/h","https://dyn-nyhx.dylan-roland.info:7059/h","https://dyn-avuf.thegrand.top:3569/h","https://dyn-sutb.optics-thing.com:5195/h","https://dyn-qcan.dealt.ooo:5038/h","https://dyn-gnwu.klafive.com:1503/h","https://dyn-jhhu.gauge.world:2364/h","https://dyn-cwyr.priced.site:10109/h","https://dyn-vzhm.radical.fun:10718/h","https://dyn-qmij.title-father.com:9990/h","https://dyn-hmmu.killed.world:2517/h","https://dyn-fmli.clicking.ooo:9955/h","https://dyn-pbdp.prior.world:3640/h","https://dyn-crhw.enters-simply.net:1358/h","https://dyn-icfw.title-father.com:6482/h","https://dyn-rfkk.wealth-arcade.com:6707/h","https://dyn-gmdu.wayne-decide.org:7061/h","https://dyn-lbxk.condo-forest.net:3683/h","https://dyn-epxp.greece-china.net:5787/h","https://dyn-dowq.2po.info:4660/h","https://dyn-lhwj.applies.top:2969/h","https://dyn-rhtl.wayne-decide.org:5706/h","https://dyn-twyh.rules-tiger.org:8882/h","https://dyn-cyim.seems.info:9073/h","https://dyn-orxi.column-total.net:4815/h","https://dyn-izcd.excerpt.info:9517/h","https://dyn-rzxc.applies.top:10630/h","https://dyn-gnnn.prior.world:9116/h","https://dyn-gzzk.barriers-rides.net:9041/h","https://dyn-jxsp.colon-teddy.fun:2719/h","https://dyn-pwof.hopcdn.com:2046/h","https://dyn-dtgq.sought.fun:9047/h","https://dyn-mwsu.earth-dying.com:5869/h","https://dyn-oyqx.defend-broad.org:6709/h","https://dyn-qjma.enters-simply.net:1965/h","https://dyn-krnc.faith-invasion.com:1891/h","https://dyn-rsou.prior.world:1190/h","https://dyn-udge.menus.life:6930/h","https://dyn-tuhn.2po.info:2178/h","https://dyn-dwkw.dryer.life:1541/h","https://dyn-tvrs.charged.fun:4559/h","https://dyn-cetv.sought.fun:7969/h","https://dyn-tnys.cameron-brian.net:3647/h","https://dyn-uldo.cnt2.net:8572/h","https://dyn-dqkz.moral.fun:5080/h","https://dyn-orgt.gauge.world:4756/h","https://dyn-bopv.bedroom.life:1180/h","https://dyn-xzdk.freestat.org:7760/h","https://dyn-lhym.moral.fun:7205/h","https://dyn-qsmz.stood.fun:4128/h","https://dyn-vihr.tribal-enjoy.com:7589/h","https://dyn-zxrh.wealth-arcade.com:1725/h","https://dyn-vwjt.common-faced.com:10945/h","https://dyn-msqc.column-total.net:8612/h","https://dyn-ujyo.gauge.world:7162/h","https://dyn-zkee.gamingmaster.xyz:5521/h","https://dyn-knbk.freestat.org:5548/h","https://dyn-wuqu.title-father.com:6123/h","https://dyn-kmuf.spies.ooo:8464/h","https://dyn-hppq.dylan-roland.info:2071/h","https://dyn-vdap.cameron-brian.net:3269/h","https://dyn-lfgm.penny-karen.com:2609/h","https://dyn-fhdr.trips.ooo:5670/h","https://dyn-cedi.topcdn.org:3665/h","https://dyn-qplv.defend-broad.org:2856/h","https://dyn-yzrl.hopcdn.com:8367/h","https://dyn-ilfp.bless-charter.net:8320/h","https://dyn-hfvc.prior.world:8944/h","https://dyn-cits.common-faced.com:4107/h","https://dyn-pmcz.korea-injured.com:10026/h","https://dyn-nwfe.common-faced.com:3081/h","https://dyn-mxtm.earth-dying.com:6880/h","https://dyn-zhvq.lender.fun:5841/h","https://dyn-nwga.topcdn.org:7000/h","https://dyn-utyi.thegrand.top:3654/h","https://dyn-hpyu.diltwo.com:6880/h","https://dyn-rxfb.sought.fun:10735/h","https://dyn-fvxz.diltwo.com:10259/h","https://dyn-owpw.title-father.com:8820/h","https://dyn-mvoj.restrict.ooo:8185/h","https://dyn-igcz.greece-china.net:8682/h","https://dyn-cfhs.restrict.ooo:2345/h","https://dyn-sveu.referred.ooo:7029/h","https://dyn-ieij.barriers-rides.net:9557/h","https://dyn-mjpo.sought.fun:7637/h","https://dyn-qqsl.gained-berlin.org:6272/h","https://dyn-nmxb.column-total.net:10128/h","https://dyn-xprc.rules-tiger.org:1558/h","https://dyn-ivmj.rules-tiger.org:8029/h","https://dyn-tzuy.rotation.fun:1563/h","https://dyn-pgfb.gained-berlin.org:8730/h","https://dyn-wceq.try9.net:8557/h","https://dyn-ynhn.column-total.net:2829/h","https://dyn-tjtd.pluto3.org:2252/h","https://dyn-gfpp.lender.fun:3660/h","https://dyn-aqbt.diltwo.com:7953/h","https://dyn-fohg.try9.net:1402/h","https://dyn-nznn.charged.fun:4798/h","https://dyn-wvtv.fixes-fellow.com:3357/h","https://dyn-vgfr.common-faced.com:4184/h","https://dyn-wund.loads-mariah.com:8459/h","https://dyn-ymuq.moral.fun:3361/h","https://dyn-xtzl.noticed.ooo:3436/h","https://dyn-nann.moral.fun:10844/h","https://dyn-lauk.charged.fun:8691/h","https://dyn-ibnv.dirty-derby.net:8511/h","https://dyn-twtu.korea-injured.com:10597/h","https://dyn-xtcq.gamingmaster.xyz:5218/h","https://dyn-kbfg.title-father.com:6400/h","https://dyn-lngp.stood.fun:3650/h","https://dyn-xsjb.faith-invasion.com:1484/h","https://dyn-hhmr.defend-broad.org:4286/h","https://dyn-pcjz.applies.top:1555/h","https://dyn-oyft.rotation.fun:1678/h","https://dyn-gpvz.title-father.com:3982/h","https://dyn-nlcg.pimmel.top:9901/h","https://dyn-ywmo.referred.ooo:8441/h","https://dyn-yxip.barriers-rides.net:10527/h","https://dyn-gokt.noticed.ooo:1340/h","https://dyn-gkpp.pluto3.org:4168/h","https://dyn-tkha.klafive.com:7983/h","https://dyn-rxdw.klafive.com:8319/h","https://dyn-viag.condo-forest.net:2593/h","https://dyn-ittv.hopcdn.com:10412/h","https://dyn-ucqk.restrict.ooo:9849/h","https://dyn-dewz.penny-karen.com:6111/h","https://dyn-slbb.dirty-derby.net:5165/h","https://dyn-cine.pimmel.top:9565/h","https://dyn-sybf.moral.fun:1724/h","https://dyn-iwui.killed.world:9862/h","https://dyn-wxmx.lender.fun:4201/h","https://dyn-wqmm.charged.fun:3179/h","https://dyn-iffy.rotation.fun:10737/h","https://dyn-jqcc.diltwo.com:6786/h","https://dyn-qwbu.barriers-rides.net:9742/h","https://dyn-zcrc.greece-china.net:2339/h","https://dyn-ekgw.sought.fun:3689/h","https://dyn-jviy.rotation.fun:8901/h","https://dyn-wavk.delay.ooo:9245/h","https://dyn-dnwp.sought.fun:9847/h","https://dyn-jltd.cream-regards.net:10240/h","https://dyn-efov.tracks.fun:3625/h","https://dyn-tyjv.earth-dying.com:9422/h","https://dyn-fbjq.excerpt.info:1520/h","https://dyn-tfbg.cd-n.net:2893/h","https://dyn-xbmo.dirty-derby.net:3892/h","https://dyn-hbyx.applies.top:7053/h","https://dyn-aqgj.colon-teddy.fun:2661/h","https://dyn-umdn.2po.info:8027/h","https://dyn-rlgy.crimes-segment.net:2254/h","https://dyn-xxmc.crimes-segment.net:2479/h","https://dyn-nclp.column-total.net:6131/h","https://dyn-hthn.optics-thing.com:10942/h","https://dyn-qowt.excerpt.info:1132/h","https://dyn-pnfa.2po.info:4248/h","https://dyn-osvo.2po.info:3705/h","https://dyn-mbjo.articles-subtle.net:3180/h","https://dyn-brvu.moral.fun:9066/h","https://dyn-fzrb.gained-berlin.org:10778/h","https://dyn-tkpv.articles-subtle.net:7109/h","https://dyn-nrmb.gamingmaster.xyz:2244/h","https://dyn-hfat.thirty-raise.net:6204/h","https://dyn-kuum.bedroom.life:6910/h","https://dyn-zvqp.bless-charter.net:9753/h","https://dyn-hwzj.greece-china.net:8994/h","https://dyn-duto.fourqt.com:1243/h","https://dyn-kqvs.trlone.com:2171/h","https://dyn-fsxc.diltwo.com:1669/h","https://dyn-pgbn.referred.ooo:4916/h","https://dyn-orzv.common-faced.com:10599/h","https://dyn-mblj.column-total.net:5835/h","https://dyn-xiif.gauge.world:5365/h","https://dyn-kyss.priced.site:1106/h","https://dyn-euhn.dryer.life:2055/h","https://dyn-lhju.menus.life:3001/h","https://dyn-euzn.faith-invasion.com:8537/h","https://dyn-eoln.applies.top:4403/h","https://dyn-yscd.delay.ooo:7377/h","https://dyn-sjua.column-total.net:5037/h","https://dyn-wjhz.barriers-rides.net:1406/h","https://dyn-isza.thegrand.top:6271/h","https://dyn-tbec.sought.fun:2169/h","https://dyn-cyrn.menus.life:3598/h","https://dyn-dxns.greece-china.net:2302/h","https://dyn-zxnq.cream-regards.net:5217/h","https://dyn-teyf.priced.site:7284/h","https://dyn-napi.herein.world:7596/h","https://dyn-igtr.noticed.ooo:6183/h","https://dyn-uoxa.earth-dying.com:3643/h","https://dyn-pavh.prior.world:4790/h","https://dyn-kxfc.applies.top:9456/h","https://dyn-ttsl.dylan-roland.info:6309/h","https://dyn-tcrg.defend-broad.org:1325/h","https://dyn-fnuf.common-faced.com:5805/h","https://dyn-ibqu.dryer.life:5488/h","https://dyn-vhxx.2po.info:6723/h","https://dyn-rzrg.title-father.com:3076/h","https://dyn-lavt.pluto3.org:4140/h","https://dyn-evnh.thirty-raise.net:1200/h","https://dyn-abji.thegrand.top:3860/h","https://dyn-ztcq.bedroom.life:2347/h","https://dyn-qphd.dryer.life:5304/h","https://dyn-jppg.priced.site:10762/h","https://dyn-cujl.cnt2.net:6461/h","https://dyn-ltsu.thegrand.top:9303/h","https://dyn-hdey.moral.fun:10804/h","https://dyn-fxyb.moral.fun:10803/h","https://dyn-prxu.sought.fun:6234/h","https://dyn-sumc.excerpt.info:1473/h","https://dyn-fxqx.thegrand.top:6956/h","https://dyn-jkyn.seats-robbie.com:1354/h","https://dyn-jjco.dryer.life:9775/h","https://dyn-pfqo.colon-teddy.fun:3604/h","https://dyn-iutq.menus.life:1826/h","https://dyn-qfuw.radical.fun:8915/h","https://dyn-kvzh.pimmel.top:5015/h","https://dyn-nbrc.lender.fun:2667/h","https://dyn-rgif.thirty-raise.net:7686/h","https://dyn-zfwo.thirty-raise.net:8474/h","https://dyn-gjzi.optics-thing.com:8771/h","https://dyn-qzhr.herein.world:1829/h","https://dyn-srna.prior.world:1761/h","https://dyn-kjvj.loads-mariah.com:8602/h","https://dyn-luck.thegrand.top:7868/h","https://dyn-sfec.topcdn.org:7366/h","https://dyn-ensj.title-father.com:1084/h","https://dyn-cqia.excerpt.info:3670/h","https://dyn-whuz.thegrand.top:1286/h","https://dyn-szsg.dryer.life:5452/h","https://dyn-dslg.loads-mariah.com:7090/h","https://dyn-lzos.sought.fun:2634/h","https://dyn-moqy.bedroom.life:2293/h","https://dyn-vpal.trips.ooo:4855/h","https://dyn-ywkk.thirty-raise.net:4770/h","https://dyn-rzys.trips.ooo:8987/h","https://dyn-ltik.cnt2.net:4412/h","https://dyn-ywky.delay.ooo:8808/h","https://dyn-epcj.greece-china.net:5803/h","https://dyn-yewu.cameron-brian.net:4944/h","https://dyn-fvcb.common-faced.com:8173/h","https://dyn-kqxy.2po.info:10802/h","https://dyn-wyec.cnt2.net:8666/h","https://dyn-xwpw.thegrand.top:3618/h","https://dyn-dpnd.hopcdn.com:2862/h","https://dyn-wqre.dirty-derby.net:3579/h","https://dyn-xney.thirty-raise.net:8397/h","https://dyn-njmk.title-father.com:10569/h","https://dyn-vcng.pluto3.org:6136/h","https://dyn-tcao.title-father.com:4823/h","https://dyn-tziz.penny-karen.com:9335/h","https://dyn-srpd.dirty-derby.net:8201/h","https://dyn-jclb.cnt2.net:9487/h","https://dyn-ohoy.prior.world:5343/h","https://dyn-ijuw.penny-karen.com:3621/h","https://dyn-ogrx.cd-n.net:8338/h","https://dyn-gihj.restrict.ooo:5286/h","https://dyn-ujbw.korea-injured.com:1631/h","https://dyn-trgk.cd-n.net:10895/h","https://dyn-wuul.greece-china.net:4314/h","https://dyn-ccjy.tribal-enjoy.com:7531/h","https://dyn-kfzn.rotation.fun:3167/h","https://dyn-wxny.thegrand.top:7259/h","https://dyn-qpwu.sought.fun:10594/h","https://dyn-ogit.cream-regards.net:3699/h","https://dyn-dshw.radical.fun:8034/h","https://dyn-angf.barriers-rides.net:1711/h","https://dyn-vvhx.fixes-fellow.com:5836/h","https://dyn-qfyn.moral.fun:3570/h","https://dyn-tzls.diltwo.com:10717/h","https://dyn-ryks.dispute.ooo:2414/h","https://dyn-ltux.dryer.life:1937/h","https://dyn-vxpj.stood.fun:10796/h","https://dyn-fhhs.referred.ooo:1026/h","https://dyn-frwv.killed.world:1991/h","https://dyn-exfz.restrict.ooo:1604/h","https://dyn-xbrl.thirty-raise.net:5703/h","https://dyn-jfth.excerpt.info:10104/h","https://dyn-kjmw.restrict.ooo:7885/h","https://dyn-cjvz.dylan-roland.info:7363/h","https://dyn-cbwb.dylan-roland.info:9901/h","https://dyn-kxvv.faith-invasion.com:3312/h","https://dyn-clvk.dryer.life:11021/h","https://dyn-qcpx.priced.top:1518/h","https://dyn-fgfb.thegrand.top:6195/h","https://dyn-fgqx.faith-invasion.com:8144/h","https://dyn-lajw.thegrand.top:6535/h","https://dyn-ixya.cameron-brian.net:7540/h","https://dyn-qxjs.dylan-roland.info:3719/h","https://dyn-ywli.pimmel.top:2265/h","https://dyn-aaao.dealt.ooo:7471/h","https://dyn-ijvd.menus.life:4024/h","https://dyn-rzjf.tracks.fun:10538/h","https://dyn-fsvw.spies.ooo:3970/h","https://dyn-fhwq.dealt.ooo:1693/h","https://dyn-nxlw.title-father.com:10599/h","https://dyn-ayow.gauge.world:6656/h","https://dyn-hjgy.stood.fun:1327/h","https://dyn-cczo.delay.ooo:3795/h","https://dyn-ptuq.crimes-segment.net:6117/h","https://dyn-ummq.thegrand.top:8007/h","https://dyn-shtz.stood.fun:8716/h","https://dyn-mghx.earth-dying.com:7094/h","https://dyn-ylxd.charged.fun:2865/h","https://dyn-wfgw.priced.top:2630/h","https://dyn-sduu.lender.fun:2854/h","https://dyn-gsmi.bless-charter.net:4410/h","https://dyn-lhte.defend-broad.org:2261/h","https://dyn-iimi.gained-berlin.org:4863/h","https://dyn-kghp.trips.ooo:3978/h","https://dyn-bcwh.applies.top:3500/h","https://dyn-mnsq.tracks.fun:10414/h","https://dyn-dsyu.tracks.fun:8463/h","https://dyn-hzqz.rules-tiger.org:8637/h","https://dyn-uzze.title-father.com:4282/h","https://dyn-pgtg.herein.world:1258/h","https://dyn-zjev.moral.fun:10655/h","https://dyn-cgym.wealth-arcade.com:3851/h","https://dyn-nusg.cream-regards.net:2771/h","https://dyn-sbpn.column-total.net:6967/h","https://dyn-riue.klafive.com:1347/h","https://dyn-ofxw.freestat.org:2124/h","https://dyn-wnie.freestat.org:10276/h","https://dyn-nine.fixes-fellow.com:9189/h","https://dyn-wnlk.sought.fun:7547/h","https://dyn-quiz.priced.site:10012/h","https://dyn-antw.lender.fun:2221/h","https://dyn-dxdb.dylan-roland.info:8231/h","https://dyn-vqcc.topcdn.org:11015/h","https://dyn-fknj.fourqt.com:10328/h","https://dyn-vdlt.diltwo.com:2844/h","https://dyn-cnlb.pimmel.top:9254/h","https://dyn-zdkg.barriers-rides.net:2582/h","https://dyn-yama.wayne-decide.org:10605/h","https://dyn-veku.2po.info:1807/h","https://dyn-upkk.wayne-decide.org:5916/h","https://dyn-zxjt.cnt2.net:9898/h","https://dyn-fbgc.seems.info:5356/h","https://dyn-sxdy.priced.top:6734/h","https://dyn-omky.hopcdn.com:4907/h","https://dyn-kawo.hopcdn.com:4622/h","https://dyn-kwsc.radical.fun:4168/h","https://dyn-dyim.dealt.ooo:10386/h","https://dyn-jynq.killed.world:1096/h","https://dyn-vzov.korea-injured.com:6240/h","https://dyn-jxhl.excerpt.info:10668/h","https://dyn-tgqp.wayne-decide.org:5736/h","https://dyn-ereu.excerpt.info:7412/h","https://dyn-mvtw.thirty-raise.net:7238/h","https://dyn-jnpk.crimes-segment.net:1960/h","https://dyn-qjsd.gained-berlin.org:8370/h","https://dyn-bmcy.seats-robbie.com:7460/h","https://dyn-iulm.sought.fun:9544/h","https://dyn-ybzj.faith-invasion.com:5726/h","https://dyn-bjfz.wayne-decide.org:7272/h","https://dyn-pxei.title-father.com:4826/h","https://dyn-yvlm.fourqt.com:5012/h","https://dyn-gvyh.optics-thing.com:9268/h","https://dyn-nyyq.gamingmaster.xyz:2175/h","https://dyn-xdcl.topcdn.org:1317/h","https://dyn-adsk.noticed.ooo:6784/h","https://dyn-tlxh.moral.fun:10497/h","https://dyn-reav.charged.fun:9377/h","https://dyn-tvni.bedroom.life:7664/h","https://dyn-gvpd.title-father.com:6477/h","https://dyn-yant.noticed.ooo:9222/h","https://dyn-gfib.menus.life:7005/h","https://dyn-zlem.clicking.ooo:3183/h","https://dyn-omhi.seems.info:2385/h","https://dyn-nqyw.trlone.com:7150/h","https://dyn-kpkd.thegrand.top:8044/h","https://dyn-vhia.defend-broad.org:8032/h","https://dyn-qulb.dispute.ooo:2361/h","https://dyn-suif.colon-teddy.fun:8970/h","https://dyn-fvjc.bless-charter.net:8935/h","https://dyn-miwg.diltwo.com:4542/h","https://dyn-lbso.excerpt.info:6231/h","https://dyn-hpor.referred.ooo:1415/h","https://dyn-ndtv.trlone.com:4880/h","https://dyn-ddnj.pimmel.top:4534/h","https://dyn-isah.common-faced.com:3639/h","https://dyn-eagc.gamingmaster.xyz:6449/h","https://dyn-fhpf.optics-thing.com:5018/h","https://dyn-dbob.spies.ooo:9983/h","https://dyn-nkhb.fixes-fellow.com:2169/h","https://dyn-mdyi.noticed.ooo:6033/h","https://dyn-hlki.try9.net:6311/h","https://dyn-noxb.seems.info:7131/h","https://dyn-qiow.column-total.net:4688/h","https://dyn-cwkd.referred.ooo:5557/h","https://dyn-qqsv.cameron-brian.net:9414/h","https://dyn-fjhu.faith-invasion.com:4238/h","https://dyn-xtxl.trlone.com:2481/h","https://dyn-ucmc.crimes-segment.net:7032/h","https://dyn-ytpw.excerpt.info:2022/h","https://dyn-ufht.fourqt.com:2583/h","https://dyn-wmlr.tracks.fun:1963/h","https://dyn-nxas.bless-charter.net:5834/h","https://dyn-yaih.wayne-decide.org:9184/h","https://dyn-ryrr.dirty-derby.net:1683/h","https://dyn-zmxv.earth-dying.com:1327/h","https://dyn-nyxl.radical.fun:4647/h","https://dyn-ppyw.pimmel.top:6473/h","https://dyn-xcsy.pimmel.top:2135/h","https://dyn-pjvw.stood.fun:9954/h","https://dyn-tkhl.stood.fun:5575/h","https://dyn-wmhe.killed.world:4057/h","https://dyn-nyor.pimmel.top:10083/h","https://dyn-yylt.condo-forest.net:9644/h","https://dyn-ejnb.2po.info:4191/h","https://dyn-fzvf.sought.fun:4204/h","https://dyn-zmxj.excerpt.info:2337/h","https://dyn-txel.cream-regards.net:3197/h","https://dyn-swvq.optics-thing.com:6482/h","https://dyn-rmdp.priced.site:3236/h","https://dyn-cnun.faith-invasion.com:5175/h","https://dyn-dmja.common-faced.com:7576/h","https://dyn-abvi.enters-simply.net:9638/h","https://dyn-qsul.wealth-arcade.com:4822/h","https://dyn-xyyx.tribal-enjoy.com:9980/h","https://dyn-vnir.herein.world:7379/h","https://dyn-ovpq.articles-subtle.net:8995/h","https://dyn-dakh.dirty-derby.net:4469/h","https://dyn-wrhl.greece-china.net:2342/h","https://dyn-dbqw.dryer.life:3721/h","https://dyn-rcwi.moral.fun:1856/h","https://dyn-utgc.dryer.life:6050/h","https://dyn-dxkc.pimmel.top:10079/h","https://dyn-meos.noticed.ooo:1873/h","https://dyn-vdwt.menus.life:3463/h","https://dyn-gdak.try9.net:9175/h","https://dyn-ubdz.applies.top:1876/h","https://dyn-fxnz.cameron-brian.net:3839/h","https://dyn-levh.priced.site:5216/h","https://dyn-nerg.diltwo.com:6779/h","https://dyn-esvm.priced.site:5730/h","https://dyn-hogk.killed.world:9773/h","https://dyn-olkg.earth-dying.com:6304/h","https://dyn-parz.diltwo.com:1512/h","https://dyn-kruj.cameron-brian.net:10626/h","https://dyn-ejfk.fourqt.com:3394/h","https://dyn-aqvj.column-total.net:9816/h","https://dyn-hubd.enters-simply.net:2352/h","https://dyn-lryh.thirty-raise.net:2665/h","https://dyn-nfpp.bless-charter.net:9630/h","https://dyn-cxwt.greece-china.net:6928/h","https://dyn-eesg.articles-subtle.net:2346/h","https://dyn-pgnm.trips.ooo:7429/h","https://dyn-rcid.hopcdn.com:2217/h","https://dyn-jwsw.thegrand.top:8950/h","https://dyn-tjgg.klafive.com:4551/h","https://dyn-kqvt.2po.info:8514/h","https://dyn-auqm.tracks.fun:10707/h","https://dyn-cxyw.enters-simply.net:1373/h","https://dyn-slga.condo-forest.net:2366/h","https://dyn-cssa.cd-n.net:1653/h","https://dyn-empz.penny-karen.com:1154/h","https://dyn-xriv.moral.fun:3309/h","https://dyn-fzdy.bedroom.life:10375/h","https://dyn-siap.applies.top:1730/h","https://dyn-sbth.lender.fun:3725/h","https://dyn-xihg.tracks.fun:4902/h","https://dyn-qufc.faith-invasion.com:1234/h","https://dyn-ctsl.tribal-enjoy.com:7160/h","https://dyn-wiyd.articles-subtle.net:5968/h","https://dyn-ggnq.prior.world:8388/h","https://dyn-hsph.herein.world:7295/h","https://dyn-tbrc.enters-simply.net:4832/h","https://dyn-pebj.condo-forest.net:7615/h","https://dyn-fjsb.articles-subtle.net:10048/h","https://dyn-nbau.defend-broad.org:9773/h","https://dyn-qdiv.column-total.net:5916/h","https://dyn-snxb.wayne-decide.org:2327/h","https://dyn-jmqo.prior.world:10925/h","https://dyn-geau.optics-thing.com:5499/h","https://dyn-cvht.wealth-arcade.com:7363/h","https://dyn-wpdv.excerpt.info:6984/h","https://dyn-bogu.title-father.com:7634/h","https://dyn-jhuo.thirty-raise.net:3499/h","https://dyn-xvcy.pluto3.org:4155/h","https://dyn-tipv.defend-broad.org:5823/h","https://dyn-bjeo.penny-karen.com:8803/h","https://dyn-ijjp.dylan-roland.info:1615/h","https://dyn-qzwd.priced.top:9310/h","https://dyn-sycb.killed.world:4857/h","https://dyn-mswp.gauge.world:1244/h","https://dyn-ubfa.rotation.fun:3734/h","https://dyn-nonj.cream-regards.net:8976/h","https://dyn-hwbn.clicking.ooo:1216/h","https://dyn-vxna.colon-teddy.fun:8252/h","https://dyn-bbdh.condo-forest.net:1241/h","https://dyn-rfwh.dealt.ooo:3403/h","https://dyn-ztfl.tracks.fun:10598/h","https://dyn-btfo.lender.fun:10740/h","https://dyn-hjbw.gained-berlin.org:3935/h","https://dyn-rvyp.rotation.fun:10127/h","https://dyn-xbrz.killed.world:3503/h","https://dyn-yqrz.dispute.ooo:9060/h","https://dyn-oflq.dylan-roland.info:9586/h","https://dyn-rkug.tribal-enjoy.com:4009/h","https://dyn-dbkj.excerpt.info:3444/h","https://dyn-icwh.rotation.fun:10733/h","https://dyn-syia.menus.life:1334/h","https://dyn-ienz.gained-berlin.org:5988/h","https://dyn-jkam.priced.top:7113/h","https://dyn-zpnh.charged.fun:2990/h","https://dyn-xitm.rules-tiger.org:5911/h","https://dyn-puzz.earth-dying.com:3257/h","https://dyn-azag.crimes-segment.net:8003/h","https://dyn-iysz.enters-simply.net:4293/h","https://dyn-ygyd.articles-subtle.net:1507/h","https://dyn-dmvz.cameron-brian.net:5454/h","https://dyn-bfan.pimmel.top:8998/h","https://dyn-dgpb.cd-n.net:1695/h","https://dyn-ynej.barriers-rides.net:9863/h","https://dyn-znte.bless-charter.net:9491/h","https://dyn-jfir.rules-tiger.org:4307/h","https://dyn-tdgn.rotation.fun:7700/h","https://dyn-fhnp.menus.life:8851/h","https://dyn-rrmk.fixes-fellow.com:5248/h","https://dyn-npgm.clicking.ooo:2613/h","https://dyn-wili.korea-injured.com:9529/h","https://dyn-tfin.killed.world:10376/h","https://dyn-nbjs.korea-injured.com:2222/h","https://dyn-ijvf.faith-invasion.com:9785/h","https://dyn-prup.radical.fun:10743/h","https://dyn-cnee.referred.ooo:7612/h","https://dyn-nxab.pimmel.top:1915/h","https://dyn-cjbq.herein.world:7927/h","https://dyn-gkie.referred.ooo:10848/h","https://dyn-dxvd.referred.ooo:5330/h","https://dyn-eyfu.wealth-arcade.com:3428/h","https://dyn-zues.barriers-rides.net:3250/h","https://dyn-ctcn.seats-robbie.com:10782/h","https://dyn-egpa.dealt.ooo:3553/h","https://dyn-rphv.barriers-rides.net:2603/h","https://dyn-wpxw.killed.world:1708/h","https://dyn-rzat.moral.fun:3436/h","https://dyn-lvna.bedroom.life:7315/h","https://dyn-wpft.menus.life:4214/h","https://dyn-aaus.rules-tiger.org:7375/h","https://dyn-ygdh.try9.net:5478/h","https://dyn-dpai.dylan-roland.info:1767/h","https://dyn-nvwh.thegrand.top:3788/h","https://dyn-oqks.condo-forest.net:5484/h","https://dyn-duwx.defend-broad.org:3991/h","https://dyn-ekkq.fourqt.com:6630/h","https://dyn-ynnh.dryer.life:5271/h","https://dyn-waon.seats-robbie.com:5679/h","https://dyn-bhbb.tribal-enjoy.com:9053/h","https://dyn-kpkh.cream-regards.net:8648/h","https://dyn-lcag.topcdn.org:5273/h","https://dyn-rqyy.hopcdn.com:5331/h","https://dyn-eggj.tracks.fun:10955/h","https://dyn-qqaq.cameron-brian.net:6097/h","https://dyn-wkqu.penny-karen.com:5318/h","https://dyn-twko.moral.fun:7543/h","https://dyn-eegh.thegrand.top:7560/h","https://dyn-nhnj.bedroom.life:4905/h","https://dyn-hnir.radical.fun:9433/h","https://dyn-degn.lender.fun:6917/h","https://dyn-xrfp.cream-regards.net:8364/h","https://dyn-fgzd.herein.world:1577/h","https://dyn-ifon.penny-karen.com:9834/h","https://dyn-qiwf.condo-forest.net:5083/h","https://dyn-ncsd.sought.fun:9644/h","https://dyn-rwtr.fixes-fellow.com:4053/h","https://dyn-bpuh.cameron-brian.net:9120/h","https://dyn-mjam.diltwo.com:4306/h","https://dyn-usgv.defend-broad.org:2972/h","https://dyn-lvjy.rotation.fun:7509/h","https://dyn-jimt.2po.info:10011/h","https://dyn-wrvu.seats-robbie.com:4932/h","https://dyn-ptdp.earth-dying.com:4539/h","https://dyn-vodl.priced.site:10591/h","https://dyn-flfk.priced.site:5946/h","https://dyn-hufr.pimmel.top:8215/h","https://dyn-iwbt.optics-thing.com:5272/h","https://dyn-rtgp.tribal-enjoy.com:4933/h","https://dyn-fyyf.trlone.com:6876/h","https://dyn-jcgq.fixes-fellow.com:6676/h","https://dyn-ihkk.condo-forest.net:1977/h","https://dyn-ezhn.delay.ooo:3548/h","https://dyn-aexs.faith-invasion.com:2499/h","https://dyn-cvll.penny-karen.com:2102/h","https://dyn-xcjw.spies.ooo:6371/h","https://dyn-lqqt.gauge.world:7784/h","https://dyn-dfoa.trlone.com:7343/h","https://dyn-owjc.topcdn.org:1885/h","https://dyn-axzw.delay.ooo:5414/h","https://dyn-bhsr.trips.ooo:1551/h","https://dyn-jnmo.restrict.ooo:4004/h","https://dyn-xtzr.wealth-arcade.com:5083/h","https://dyn-nxrq.priced.top:3078/h","https://dyn-ihch.diltwo.com:3391/h","https://dyn-utvl.killed.world:8148/h","https://dyn-rywo.applies.top:7797/h","https://dyn-mles.applies.top:3509/h","https://dyn-tyoa.cameron-brian.net:5212/h","https://dyn-wusn.trips.ooo:2095/h","https://dyn-agjg.gained-berlin.org:9889/h","https://dyn-cusx.spies.ooo:1911/h","https://dyn-lseb.bedroom.life:6845/h","https://dyn-xtpq.cd-n.net:10919/h","https://dyn-clqs.cream-regards.net:1648/h","https://dyn-llai.cd-n.net:4636/h","https://dyn-etqn.colon-teddy.fun:9509/h","https://dyn-odma.priced.top:9523/h","https://dyn-fxqq.hopcdn.com:9421/h","https://dyn-qrof.dryer.life:5333/h","https://dyn-qifc.tracks.fun:8306/h","https://dyn-njcf.freestat.org:1826/h","https://dyn-bxxm.colon-teddy.fun:7517/h","https://dyn-oawt.thegrand.top:3490/h","https://dyn-pxll.clicking.ooo:10087/h","https://dyn-rauh.korea-injured.com:10686/h","https://dyn-iybw.colon-teddy.fun:8106/h","https://dyn-uxyc.thirty-raise.net:2139/h","https://dyn-edpx.crimes-segment.net:2135/h","https://dyn-euzq.stood.fun:9310/h","https://dyn-hbtz.gauge.world:3137/h","https://dyn-gqzh.dryer.life:10418/h","https://dyn-mpys.loads-mariah.com:10447/h","https://dyn-ijcq.cream-regards.net:3735/h","https://dyn-otmb.cream-regards.net:9819/h","https://dyn-aqzl.cnt2.net:8319/h","https://dyn-suyk.common-faced.com:2145/h","https://dyn-mesg.2po.info:9086/h","https://dyn-syct.pimmel.top:7492/h","https://dyn-pxnj.2po.info:4204/h","https://dyn-nvsc.dispute.ooo:4505/h","https://dyn-raoe.loads-mariah.com:9762/h","https://dyn-dxre.thirty-raise.net:8479/h","https://dyn-qlen.wealth-arcade.com:4665/h","https://dyn-ahgp.diltwo.com:1385/h","https://dyn-rrmq.cameron-brian.net:5208/h","https://dyn-nstv.pluto3.org:2578/h","https://dyn-nwnv.fourqt.com:5318/h","https://dyn-xbza.restrict.ooo:8521/h","https://dyn-tssy.cd-n.net:4604/h","https://dyn-adls.stood.fun:9842/h","https://dyn-whad.fourqt.com:5434/h","https://dyn-stuy.cameron-brian.net:5420/h","https://dyn-zpgf.applies.top:6487/h","https://dyn-omwr.noticed.ooo:4231/h","https://dyn-mzty.dirty-derby.net:7462/h","https://dyn-mbrx.prior.world:4947/h","https://dyn-dzon.thegrand.top:6555/h","https://dyn-wryh.herein.world:10668/h","https://dyn-dmbb.colon-teddy.fun:3100/h","https://dyn-iaxl.clicking.ooo:8436/h","https://dyn-mmuy.colon-teddy.fun:2205/h","https://dyn-upmv.loads-mariah.com:2720/h","https://dyn-unzf.common-faced.com:5578/h","https://dyn-zcuj.defend-broad.org:1080/h","https://dyn-exij.charged.fun:9296/h","https://dyn-bhha.dylan-roland.info:6880/h","https://dyn-kfpv.tribal-enjoy.com:9373/h","https://dyn-wygs.thegrand.top:1523/h","https://dyn-fhlb.thirty-raise.net:5983/h","https://dyn-ruwj.moral.fun:6233/h","https://dyn-pkjx.sought.fun:2167/h","https://dyn-frso.2po.info:10198/h","https://dyn-weka.fixes-fellow.com:2240/h","https://dyn-jwpx.common-faced.com:5250/h","https://dyn-femx.dirty-derby.net:3422/h","https://dyn-seme.common-faced.com:5389/h","https://dyn-iuvi.dylan-roland.info:5697/h","https://dyn-fnbs.cream-regards.net:1217/h","https://dyn-brti.excerpt.info:8959/h","https://dyn-esoe.thirty-raise.net:6786/h","https://dyn-dfcb.delay.ooo:1494/h","https://dyn-xhfs.excerpt.info:5982/h","https://dyn-jhto.clicking.ooo:6477/h","https://dyn-uvko.earth-dying.com:1619/h","https://dyn-cwcx.penny-karen.com:2330/h","https://dyn-dlrf.spies.ooo:4897/h","https://dyn-jpuf.restrict.ooo:6689/h","https://dyn-mybn.enters-simply.net:4307/h","https://dyn-rhsu.charged.fun:7935/h","https://dyn-iuyh.dealt.ooo:9088/h","https://dyn-dpma.rules-tiger.org:6115/h","https://dyn-jwfx.dirty-derby.net:6714/h","https://dyn-bhfy.cream-regards.net:1925/h","https://dyn-qher.gained-berlin.org:5277/h","https://dyn-jctq.faith-invasion.com:9270/h","https://dyn-ylcs.thegrand.top:7189/h","https://dyn-lyhw.wayne-decide.org:2090/h","https://dyn-ezlt.klafive.com:8982/h","https://dyn-jzci.greece-china.net:1210/h","https://dyn-mpbs.bedroom.life:8006/h","https://dyn-iapy.thegrand.top:1455/h","https://dyn-huun.radical.fun:3051/h","https://dyn-igut.dealt.ooo:5587/h","https://dyn-xblm.barriers-rides.net:1269/h","https://dyn-fuqp.cream-regards.net:7405/h","https://dyn-slyz.wealth-arcade.com:6846/h","https://dyn-pxti.trlone.com:1697/h","https://dyn-wlwy.prior.world:5849/h","https://dyn-decu.crimes-segment.net:7259/h","https://dyn-kihl.faith-invasion.com:1878/h","https://dyn-sgla.excerpt.info:7884/h","https://dyn-geiu.wayne-decide.org:4846/h","https://dyn-mrft.korea-injured.com:1754/h","https://dyn-fybc.moral.fun:5278/h","https://dyn-gkqz.priced.site:5336/h","https://dyn-nxmn.thirty-raise.net:6333/h","https://dyn-vbdg.sought.fun:8691/h","https://dyn-euuf.referred.ooo:3505/h","https://dyn-qjfb.trips.ooo:1490/h","https://dyn-buhr.colon-teddy.fun:8905/h","https://dyn-nvti.excerpt.info:7285/h","https://dyn-poyi.gained-berlin.org:2640/h","https://dyn-luei.column-total.net:6914/h","https://dyn-ihvo.pimmel.top:2678/h","https://dyn-gqhh.tracks.fun:3204/h","https://dyn-deso.cnt2.net:8177/h","https://dyn-idux.earth-dying.com:3213/h","https://dyn-hbbx.topcdn.org:5836/h","https://dyn-uomw.gamingmaster.xyz:4709/h","https://dyn-jyeh.korea-injured.com:5092/h","https://dyn-fzle.defend-broad.org:2923/h","https://dyn-rbxf.wealth-arcade.com:1425/h","https://dyn-ytgx.tribal-enjoy.com:7540/h","https://dyn-pooo.stood.fun:1832/h","https://dyn-qaks.pluto3.org:10303/h","https://dyn-bcqw.pimmel.top:6718/h","https://dyn-mona.column-total.net:2790/h","https://dyn-bcre.herein.world:8125/h","https://dyn-dtes.bless-charter.net:6555/h","https://dyn-gsvk.korea-injured.com:5231/h","https://dyn-azbn.condo-forest.net:6044/h","https://dyn-lcvf.crimes-segment.net:4143/h","https://dyn-ryer.gauge.world:5043/h","https://dyn-vwri.column-total.net:6027/h","https://dyn-ahge.colon-teddy.fun:7924/h","https://dyn-wfam.wealth-arcade.com:5917/h","https://dyn-wqxb.noticed.ooo:8242/h","https://dyn-gbjo.cream-regards.net:5577/h","https://dyn-lxfe.common-faced.com:4565/h","https://dyn-gmfj.lender.fun:1760/h","https://dyn-xisj.applies.top:6367/h","https://dyn-llpw.loads-mariah.com:10823/h","https://dyn-cjjf.dealt.ooo:4567/h","https://dyn-kkko.charged.fun:4409/h","https://dyn-otzk.killed.world:3123/h","https://dyn-mkms.title-father.com:5127/h","https://dyn-kovl.menus.life:8670/h","https://dyn-yxlv.stood.fun:10715/h","https://dyn-jmxq.penny-karen.com:3899/h","https://dyn-aolw.rules-tiger.org:2240/h","https://dyn-flyg.cameron-brian.net:3101/h","https://dyn-cgaw.moral.fun:2975/h","https://dyn-szhf.sought.fun:10791/h","https://dyn-zqvf.pluto3.org:6527/h","https://dyn-itkn.herein.world:1276/h","https://dyn-iggl.cd-n.net:4573/h","https://dyn-xvto.pimmel.top:4573/h","https://dyn-kxny.delay.ooo:4573/h","https://dyn-pzfa.dispute.ooo:4573/h","https://dyn-esce.pluto3.org:4573/h","https://dyn-exrf.tracks.fun:4573/h","https://dyn-nojq.trlone.com:2917/h","https://dyn-ijpe.thirty-raise.net:4140/h","https://dyn-umwn.priced.site:6719/h","https://dyn-vfsf.klafive.com:4789/h","https://dyn-ntma.priced.top:2507/h","https://dyn-cajw.topcdn.org:3657/h","https://dyn-bqce.tribal-enjoy.com:10080/h","https://dyn-rngg.prior.world:5110/h","https://dyn-snxr.thegrand.top:2227/h","https://dyn-yvzx.spies.ooo:9592/h","https://dyn-wbls.priced.top:10490/h","https://dyn-tpnd.tracks.fun:3432/h","https://dyn-cwaf.enters-simply.net:4711/h","https://dyn-xpyp.fourqt.com:9413/h","https://dyn-rluj.delay.ooo:2120/h","https://dyn-gfie.optics-thing.com:2655/h","https://dyn-kbgb.seats-robbie.com:7319/h","https://dyn-npyk.thegrand.top:3041/h","https://dyn-vfir.wealth-arcade.com:2594/h","https://dyn-cugg.try9.net:1098/h","https://dyn-ezrn.restrict.ooo:8230/h","https://dyn-eehr.noticed.ooo:3529/h","https://dyn-phee.bless-charter.net:3158/h","https://dyn-rwfb.cd-n.net:2790/h","https://dyn-wlbb.thirty-raise.net:1555/h","https://dyn-zhsz.priced.site:2584/h","https://dyn-gait.wayne-decide.org:6644/h","https://dyn-rvnf.excerpt.info:3900/h","https://dyn-tnuj.barriers-rides.net:2945/h","https://dyn-xjie.condo-forest.net:8672/h","https://dyn-yhss.gamingmaster.xyz:10996/h","https://dyn-owrg.fourqt.com:7740/h","https://dyn-iril.dylan-roland.info:7798/h","https://dyn-pyqi.bless-charter.net:6825/h","https://dyn-skel.menus.life:1246/h","https://dyn-lzhz.pimmel.top:6917/h","https://dyn-tyro.bless-charter.net:10838/h","https://dyn-unle.referred.ooo:8010/h","https://dyn-dssg.dirty-derby.net:1750/h","https://dyn-wzqm.try9.net:3050/h","https://dyn-znga.killed.world:5221/h","https://dyn-mseb.condo-forest.net:6053/h","https://dyn-eeju.defend-broad.org:8939/h","https://dyn-komz.trips.ooo:3914/h","https://dyn-tgbu.hopcdn.com:2946/h","https://dyn-meih.freestat.org:1136/h","https://dyn-lwpe.colon-teddy.fun:1589/h","https://dyn-xtmp.fourqt.com:5172/h","https://dyn-rjmu.moral.fun:2700/h","https://dyn-thvu.defend-broad.org:9816/h","https://dyn-odnj.spies.ooo:1036/h","https://dyn-btkr.wealth-arcade.com:7417/h","https://dyn-vdms.klafive.com:5360/h","https://dyn-pefw.gamingmaster.xyz:7924/h","https://dyn-mvyy.rotation.fun:10550/h","https://dyn-mprx.spies.ooo:3406/h","https://dyn-avfr.radical.fun:6209/h","https://dyn-jpdg.restrict.ooo:5226/h","https://dyn-bygc.noticed.ooo:5527/h","https://dyn-mltq.fourqt.com:2332/h","https://dyn-hdyp.trlone.com:4499/h","https://dyn-gwio.cream-regards.net:7443/h","https://dyn-jcrx.moral.fun:10775/h","https://dyn-wgdt.dealt.ooo:5037/h","https://dyn-lbcj.prior.world:6111/h","https://dyn-esgq.fixes-fellow.com:4182/h","https://dyn-ntdi.articles-subtle.net:7327/h","https://dyn-nwlw.cnt2.net:5163/h","https://dyn-mpoc.earth-dying.com:6516/h","https://dyn-ldym.stood.fun:7745/h","https://dyn-mwzk.dispute.ooo:3256/h","https://dyn-evvv.gamingmaster.xyz:1197/h","https://dyn-cxyy.cream-regards.net:1260/h","https://dyn-mdsw.try9.net:10300/h","https://dyn-ajxu.hopcdn.com:8729/h","https://dyn-jflv.radical.fun:6602/h","https://dyn-ntfa.sought.fun:9773/h","https://dyn-gtzl.lender.fun:6395/h","https://dyn-mrxk.colon-teddy.fun:1533/h","https://dyn-dvob.sought.fun:7537/h","https://dyn-swku.gained-berlin.org:1710/h","https://dyn-uucm.seems.info:10628/h","https://dyn-jabz.rotation.fun:6723/h","https://dyn-rvqc.cream-regards.net:9757/h","https://dyn-xnpq.bedroom.life:9606/h","https://dyn-pjqu.fourqt.com:2754/h","https://dyn-fezp.penny-karen.com:1279/h","https://dyn-wvxt.menus.life:10456/h","https://dyn-ivpw.condo-forest.net:3582/h","https://dyn-kvxb.try9.net:3817/h","https://dyn-xkcg.lender.fun:9452/h","https://dyn-abxy.priced.site:4343/h","https://dyn-pgxw.title-father.com:10794/h","https://dyn-khwv.killed.world:6967/h","https://dyn-mwqd.referred.ooo:1268/h","https://dyn-fbjh.column-total.net:2359/h","https://dyn-swsp.spies.ooo:7680/h","https://dyn-jvsb.charged.fun:11014/h","https://dyn-wccg.wayne-decide.org:10594/h","https://dyn-mmrv.topcdn.org:4554/h","https://dyn-mynm.restrict.ooo:5515/h","https://dyn-ewzn.wayne-decide.org:6936/h","https://dyn-ygvs.optics-thing.com:1893/h","https://dyn-cwpz.stood.fun:7012/h","https://dyn-flbi.priced.top:8830/h","https://dyn-agyb.barriers-rides.net:9960/h","https://dyn-wjew.dealt.ooo:1411/h","https://dyn-houe.dryer.life:7475/h","https://dyn-igdi.common-faced.com:7607/h","https://dyn-ounv.articles-subtle.net:1306/h","https://dyn-rspq.cameron-brian.net:1857/h","https://dyn-gppg.trlone.com:3598/h","https://dyn-jvqx.korea-injured.com:5920/h","https://dyn-kxoj.loads-mariah.com:8862/h","https://dyn-vice.pluto3.org:8634/h","https://dyn-hnot.title-father.com:10811/h","https://dyn-vvjm.condo-forest.net:4552/h","https://dyn-kijo.2po.info:8308/h","https://dyn-udny.freestat.org:8983/h","https://dyn-bkit.trlone.com:3406/h","https://dyn-siir.enters-simply.net:10334/h","https://dyn-dbod.optics-thing.com:1608/h","https://dyn-tkpw.lender.fun:4757/h","https://dyn-jcel.moral.fun:8868/h","https://dyn-orce.lender.fun:10619/h","https://dyn-adfn.condo-forest.net:6162/h","https://dyn-aogl.dryer.life:5077/h","https://dyn-pjam.excerpt.info:2435/h","https://dyn-thdb.dylan-roland.info:8980/h","https://dyn-vyun.killed.world:4327/h","https://dyn-remm.enters-simply.net:9356/h","https://dyn-xaan.fourqt.com:9137/h","https://dyn-nalj.menus.life:10094/h","https://dyn-nozi.spies.ooo:7125/h","https://dyn-ozti.try9.net:1316/h","https://dyn-mlzh.dryer.life:2629/h","https://dyn-xbjg.killed.world:1336/h","https://dyn-xuzl.cd-n.net:7906/h","https://dyn-sigg.thirty-raise.net:9566/h","https://dyn-vtpp.earth-dying.com:7355/h","https://dyn-stmz.korea-injured.com:5220/h","https://dyn-dsye.gained-berlin.org:4846/h","https://dyn-cbkb.tracks.fun:1381/h","https://dyn-vodn.gauge.world:5892/h","https://dyn-oxtq.column-total.net:9047/h","https://dyn-wlyb.menus.life:10345/h","https://dyn-cxsg.dirty-derby.net:5353/h","https://dyn-qbhb.trlone.com:4321/h","https://dyn-qcck.applies.top:3755/h","https://dyn-gaah.2po.info:8475/h","https://dyn-uops.optics-thing.com:6539/h","https://dyn-plwg.dryer.life:1248/h","https://dyn-vwek.column-total.net:4199/h","https://dyn-cjuh.topcdn.org:8132/h","https://dyn-ubil.2po.info:5296/h","https://dyn-mndx.gauge.world:10086/h","https://dyn-qffs.clicking.ooo:5262/h","https://dyn-ghit.sought.fun:5510/h","https://dyn-dnir.articles-subtle.net:1238/h","https://dyn-zfcj.common-faced.com:6751/h","https://dyn-brpa.seats-robbie.com:3548/h","https://dyn-ztha.condo-forest.net:6846/h","https://dyn-qogz.seats-robbie.com:1902/h","https://dyn-zjps.dealt.ooo:2750/h","https://dyn-kvau.killed.world:8044/h","https://dyn-bluj.faith-invasion.com:7985/h","https://dyn-fvoz.pluto3.org:3133/h","https://dyn-wedn.rotation.fun:7021/h","https://dyn-crfc.referred.ooo:6340/h","https://dyn-udfo.charged.fun:10008/h","https://dyn-labe.dispute.ooo:1236/h","https://dyn-rggt.applies.top:4401/h","https://dyn-xcig.herein.world:6750/h","https://dyn-pjwd.greece-china.net:8520/h","https://dyn-zxxs.earth-dying.com:10208/h","https://dyn-ydzc.stood.fun:9125/h","https://dyn-jgph.clicking.ooo:9754/h","https://dyn-rgxc.articles-subtle.net:1893/h","https://dyn-yeej.clicking.ooo:1426/h","https://dyn-cpkn.delay.ooo:1371/h","https://dyn-dgxo.dealt.ooo:1134/h","https://dyn-qpyp.radical.fun:2966/h","https://dyn-zzpm.korea-injured.com:3797/h","https://dyn-gljx.cameron-brian.net:9149/h","https://dyn-yskc.common-faced.com:6385/h","https://dyn-jyfe.moral.fun:3709/h","https://dyn-cbfy.earth-dying.com:2208/h","https://dyn-bsql.cd-n.net:5984/h","https://dyn-hqoo.tribal-enjoy.com:9409/h","https://dyn-ajtr.applies.top:8260/h","https://dyn-urxp.korea-injured.com:6784/h","https://dyn-ghyq.noticed.ooo:1448/h","https://dyn-yntv.bedroom.life:2163/h","https://dyn-obvn.referred.ooo:2723/h","https://dyn-dajn.thegrand.top:8878/h","https://dyn-fddo.excerpt.info:3019/h","https://dyn-eino.excerpt.info:6942/h","https://dyn-dflw.barriers-rides.net:10420/h","https://dyn-inrx.enters-simply.net:5803/h","https://dyn-sevy.dryer.life:3427/h","https://dyn-adya.noticed.ooo:10342/h","https://dyn-hmyd.fixes-fellow.com:1812/h","https://dyn-cpdb.dirty-derby.net:9337/h","https://dyn-czkz.clicking.ooo:2798/h","https://dyn-hzwm.radical.fun:10378/h","https://dyn-bwpx.defend-broad.org:3745/h","https://dyn-aqbj.rules-tiger.org:3455/h","https://dyn-aasy.bless-charter.net:4481/h","https://dyn-qggb.thirty-raise.net:1384/h","https://dyn-cuky.dealt.ooo:2746/h","https://dyn-ktdu.articles-subtle.net:3266/h","https://dyn-cljg.articles-subtle.net:3197/h","https://dyn-exwi.faith-invasion.com:4793/h","https://dyn-npvr.delay.ooo:4358/h","https://dyn-ifhg.rotation.fun:5117/h","https://dyn-lzzs.wealth-arcade.com:6471/h","https://dyn-qusn.trips.ooo:4161/h","https://dyn-rqkg.tracks.fun:6376/h","https://dyn-zyya.tracks.fun:6921/h","https://dyn-knze.optics-thing.com:3153/h","https://dyn-kgtc.trlone.com:3030/h","https://dyn-ncns.cream-regards.net:4855/h","https://dyn-ithu.seems.info:7797/h","https://dyn-jmtm.klafive.com:5692/h","https://dyn-ojmx.spies.ooo:9637/h","https://dyn-kkmq.fixes-fellow.com:3803/h","https://dyn-xuly.restrict.ooo:2968/h","https://dyn-ajzz.gauge.world:3069/h","https://dyn-bugn.lender.fun:3363/h","https://dyn-njcv.articles-subtle.net:2747/h","https://dyn-agjz.seems.info:1159/h","https://dyn-niha.enters-simply.net:5053/h","https://dyn-umjp.trlone.com:3203/h","https://dyn-rudi.loads-mariah.com:5176/h","https://dyn-xcga.dispute.ooo:3829/h","https://dyn-eydx.thirty-raise.net:9747/h","https://dyn-qdgg.tribal-enjoy.com:9222/h","https://dyn-hvmu.restrict.ooo:8232/h","https://dyn-yyod.fourqt.com:5205/h","https://dyn-gvak.condo-forest.net:2350/h","https://dyn-wbhe.title-father.com:9612/h","https://dyn-ehoa.defend-broad.org:6204/h","https://dyn-mzgt.diltwo.com:2885/h","https://dyn-fftc.referred.ooo:1380/h","https://dyn-rvar.cream-regards.net:9043/h","https://dyn-jrug.2po.info:3302/h","https://dyn-lvla.greece-china.net:8481/h","https://dyn-llnn.klafive.com:4632/h","https://dyn-qins.penny-karen.com:5740/h","https://dyn-cfcv.seems.info:5995/h","https://dyn-suor.gained-berlin.org:5350/h","https://dyn-ufpf.defend-broad.org:2279/h","https://dyn-mafd.killed.world:3859/h","https://dyn-ibrl.restrict.ooo:3602/h","https://dyn-ytoe.faith-invasion.com:8913/h","https://dyn-pdea.freestat.org:10410/h","https://dyn-grtl.klafive.com:3537/h","https://dyn-uqrp.title-father.com:2467/h","https://dyn-vohm.menus.life:7179/h","https://dyn-czrc.radical.fun:3634/h","https://dyn-cgas.wealth-arcade.com:9258/h","https://dyn-gbml.defend-broad.org:3647/h","https://dyn-snjq.colon-teddy.fun:1452/h","https://dyn-pfhu.priced.site:8990/h","https://dyn-xfqw.cameron-brian.net:8678/h","https://dyn-miyk.dispute.ooo:5211/h","https://dyn-ntqx.dealt.ooo:4478/h","https://dyn-anei.fixes-fellow.com:4668/h","https://dyn-mjgq.barriers-rides.net:10525/h","https://dyn-mnsc.rotation.fun:3370/h","https://dyn-vpxd.trlone.com:7503/h","https://dyn-yrxm.moral.fun:2802/h","https://dyn-fhhp.trips.ooo:8155/h","https://dyn-oofn.charged.fun:10340/h","https://dyn-jysc.fixes-fellow.com:9582/h","https://dyn-ihyr.articles-subtle.net:7261/h","https://dyn-vyls.common-faced.com:2520/h","https://dyn-uzhz.thegrand.top:5749/h","https://dyn-oqjr.clicking.ooo:2234/h","https://dyn-tjeu.cnt2.net:10952/h","https://dyn-gkof.barriers-rides.net:6745/h","https://dyn-psoq.articles-subtle.net:3257/h","https://dyn-cchm.priced.site:10977/h","https://dyn-wqiz.gamingmaster.xyz:8243/h","https://dyn-qpyd.dispute.ooo:5054/h","https://dyn-nzjs.gamingmaster.xyz:2273/h","https://dyn-czry.thirty-raise.net:3590/h","https://dyn-tkez.tracks.fun:5262/h","https://dyn-vifn.lender.fun:7708/h","https://dyn-uusx.pluto3.org:3609/h","https://dyn-krhl.excerpt.info:6622/h","https://dyn-vapg.killed.world:6310/h","https://dyn-xpvq.fixes-fellow.com:10012/h","https://dyn-dnlp.moral.fun:8289/h","https://dyn-qezm.gamingmaster.xyz:10583/h","https://dyn-cnrr.dispute.ooo:3544/h","https://dyn-ujcp.restrict.ooo:2279/h","https://dyn-jttg.wayne-decide.org:7226/h","https://dyn-lxio.stood.fun:7377/h","https://dyn-mamo.trips.ooo:1731/h","https://dyn-cmgg.clicking.ooo:8195/h","https://dyn-wlfc.dealt.ooo:4807/h","https://dyn-pwvc.rules-tiger.org:10665/h","https://dyn-mnfy.trips.ooo:2880/h","https://dyn-psuu.hopcdn.com:8048/h","https://dyn-ywwk.gained-berlin.org:6218/h","https://dyn-qimq.tribal-enjoy.com:10138/h","https://dyn-xyqk.dealt.ooo:5945/h","https://dyn-qnss.try9.net:1693/h","https://dyn-lfvo.diltwo.com:6571/h","https://dyn-ikir.greece-china.net:4687/h","https://dyn-vtis.tribal-enjoy.com:3000/h","https://dyn-rzax.seats-robbie.com:3575/h","https://dyn-wgdr.applies.top:9007/h","https://dyn-qlyc.defend-broad.org:10436/h","https://dyn-esth.noticed.ooo:7439/h","https://dyn-cvkb.stood.fun:2301/h","https://dyn-bjsc.killed.world:7036/h","https://dyn-bguw.dealt.ooo:4453/h","https://dyn-hxzt.dryer.life:1214/h","https://dyn-lcfb.dirty-derby.net:4117/h","https://dyn-dyeo.herein.world:3956/h","https://dyn-fqba.killed.world:5941/h","https://dyn-nflu.rotation.fun:10847/h","https://dyn-khxd.stood.fun:10657/h","https://dyn-tisg.freestat.org:9101/h","https://dyn-evsg.sought.fun:2845/h","https://dyn-digh.charged.fun:5191/h","https://dyn-qhio.defend-broad.org:10981/h","https://dyn-wzav.dispute.ooo:9243/h","https://dyn-qnuk.gauge.world:4906/h","https://dyn-emyj.korea-injured.com:7073/h","https://dyn-rldj.priced.top:5985/h","https://dyn-cbgn.dylan-roland.info:6930/h","https://dyn-hgud.applies.top:1048/h","https://dyn-koiq.priced.top:5769/h","https://dyn-uhww.barriers-rides.net:1715/h","https://dyn-lgug.thegrand.top:2807/h","https://dyn-clgp.barriers-rides.net:3250/h","https://dyn-olsf.seems.info:9543/h","https://dyn-fkcm.korea-injured.com:1227/h","https://dyn-xohz.title-father.com:8331/h","https://dyn-ywvc.crimes-segment.net:2454/h","https://dyn-ovkr.korea-injured.com:7551/h","https://dyn-myrz.radical.fun:4177/h","https://dyn-akzk.diltwo.com:7353/h","https://dyn-tith.stood.fun:10714/h","https://dyn-qnjc.thegrand.top:10705/h","https://dyn-zimt.trips.ooo:2585/h","https://dyn-aaef.applies.top:10279/h","https://dyn-dhof.colon-teddy.fun:7843/h","https://dyn-zydh.articles-subtle.net:9363/h","https://dyn-zurk.priced.top:3318/h","https://dyn-qmdl.noticed.ooo:3161/h","https://dyn-znwy.delay.ooo:2795/h","https://dyn-wfcd.cnt2.net:1228/h","https://dyn-hxrg.priced.site:8261/h","https://dyn-baaa.wealth-arcade.com:3968/h","https://dyn-xogp.dylan-roland.info:10122/h","https://dyn-jlsg.referred.ooo:2721/h","https://dyn-wayb.stood.fun:2300/h","https://dyn-qeep.articles-subtle.net:9097/h","https://dyn-gexb.thegrand.top:4079/h","https://dyn-mznw.noticed.ooo:1107/h","https://dyn-kxhx.freestat.org:9452/h","https://dyn-afon.rules-tiger.org:4797/h","https://dyn-qity.trlone.com:2286/h","https://dyn-wuqc.rotation.fun:9705/h","https://dyn-pogo.seats-robbie.com:3761/h","https://dyn-ddeu.gained-berlin.org:10934/h","https://dyn-wgzc.rotation.fun:2165/h","https://dyn-peqn.title-father.com:6169/h","https://dyn-ojzn.hopcdn.com:3529/h","https://dyn-nkae.penny-karen.com:9083/h","https://dyn-sdwd.optics-thing.com:2552/h","https://dyn-zfed.seats-robbie.com:8767/h","https://dyn-ekny.gauge.world:1887/h","https://dyn-rapb.condo-forest.net:4312/h","https://dyn-lbfr.column-total.net:5118/h","https://dyn-wfey.tracks.fun:4699/h","https://dyn-keyz.tribal-enjoy.com:4240/h","https://dyn-naus.condo-forest.net:5050/h","https://dyn-wswx.bedroom.life:10232/h","https://dyn-mbyi.lender.fun:5361/h","https://dyn-fjls.earth-dying.com:3464/h","https://dyn-chhh.greece-china.net:1684/h","https://dyn-yxnp.wealth-arcade.com:4746/h","https://dyn-zxwe.excerpt.info:3990/h","https://dyn-nran.gamingmaster.xyz:5013/h","https://dyn-rqsq.hopcdn.com:7726/h","https://dyn-ppiv.cameron-brian.net:10321/h","https://dyn-nzow.dispute.ooo:3409/h","https://dyn-ltpe.rotation.fun:4683/h","https://dyn-jdwd.noticed.ooo:6904/h","https://dyn-ayzn.trips.ooo:5038/h","https://dyn-qzni.charged.fun:1406/h","https://dyn-zhwd.excerpt.info:6072/h","https://dyn-kdfs.radical.fun:1032/h","https://dyn-zrsi.faith-invasion.com:7500/h","https://dyn-etoe.charged.fun:6226/h","https://dyn-ozhb.condo-forest.net:10157/h","https://dyn-jzrr.delay.ooo:6998/h","https://dyn-vbzm.prior.world:9510/h","https://dyn-szgk.barriers-rides.net:5791/h","https://dyn-ridd.radical.fun:3226/h","https://dyn-awgd.2po.info:9097/h","https://dyn-svea.trlone.com:5295/h","https://dyn-zlyl.referred.ooo:9374/h","https://dyn-icwk.referred.ooo:7477/h","https://dyn-onem.freestat.org:3550/h","https://dyn-mzmz.delay.ooo:9060/h","https://dyn-xeui.loads-mariah.com:2869/h","https://dyn-qdzx.defend-broad.org:5826/h","https://dyn-fhsd.priced.site:9090/h","https://dyn-jveh.earth-dying.com:4139/h","https://dyn-agcd.fixes-fellow.com:6451/h","https://dyn-ghdl.rotation.fun:6750/h","https://dyn-pryt.radical.fun:3690/h","https://dyn-ufwd.prior.world:6295/h","https://dyn-nvor.gamingmaster.xyz:8185/h","https://dyn-hoxv.barriers-rides.net:4130/h","https://dyn-tgpx.cameron-brian.net:9825/h","https://dyn-wwad.rules-tiger.org:2110/h","https://dyn-xkvb.pluto3.org:5810/h","https://dyn-wugf.referred.ooo:10831/h","https://dyn-muki.2po.info:10420/h","https://dyn-mmvt.tracks.fun:9237/h","https://dyn-wwsz.dealt.ooo:6531/h","https://dyn-vfyl.clicking.ooo:10642/h","https://dyn-zqvu.defend-broad.org:5951/h","https://dyn-rdtp.herein.world:2521/h","https://dyn-qjlb.freestat.org:6422/h","https://dyn-rlnz.cd-n.net:10161/h","https://dyn-reij.dirty-derby.net:1146/h","https://dyn-nmep.restrict.ooo:8646/h","https://dyn-iudn.2po.info:2853/h","https://dyn-tdvx.stood.fun:10804/h","https://dyn-fzqr.fixes-fellow.com:5924/h","https://dyn-pwwj.hopcdn.com:9983/h","https://dyn-jqez.earth-dying.com:1906/h","https://dyn-nriy.penny-karen.com:5635/h","https://dyn-zdse.charged.fun:9634/h","https://dyn-gbpw.tribal-enjoy.com:6033/h","https://dyn-dsva.fourqt.com:2482/h","https://dyn-eklb.barriers-rides.net:7445/h","https://dyn-dycd.tribal-enjoy.com:5454/h","https://dyn-yytx.articles-subtle.net:10510/h","https://dyn-zkbq.cd-n.net:4089/h","https://dyn-nhat.defend-broad.org:1851/h","https://dyn-wwhf.penny-karen.com:1334/h","https://dyn-hdgf.gauge.world:10501/h","https://dyn-gmde.cd-n.net:2530/h","https://dyn-bnaj.applies.top:2233/h","https://dyn-pkow.dispute.ooo:8751/h","https://dyn-wmfu.crimes-segment.net:4059/h","https://dyn-cxam.column-total.net:9694/h","https://dyn-fqvl.column-total.net:8138/h","https://dyn-qdij.defend-broad.org:5234/h","https://dyn-znrd.pimmel.top:1259/h","https://dyn-rhti.topcdn.org:5241/h","https://dyn-xutp.dryer.life:2282/h","https://dyn-ckum.trlone.com:5978/h","https://dyn-mzax.try9.net:1592/h","https://dyn-xmjh.tribal-enjoy.com:10678/h","https://dyn-srjs.enters-simply.net:10209/h","https://dyn-mywj.radical.fun:7029/h","https://dyn-pktp.pluto3.org:3770/h","https://dyn-glio.rotation.fun:7207/h","https://dyn-mknt.barriers-rides.net:7595/h","https://dyn-donz.delay.ooo:8004/h","https://dyn-eoul.tribal-enjoy.com:2702/h","https://dyn-ntwc.charged.fun:4915/h","https://dyn-ljmh.gained-berlin.org:6198/h","https://dyn-fdit.2po.info:5237/h","https://dyn-sddb.korea-injured.com:8821/h","https://dyn-wpuu.priced.top:1792/h","https://dyn-ccmf.killed.world:6495/h","https://dyn-klfp.dispute.ooo:7573/h","https://dyn-dgjy.cameron-brian.net:6949/h","https://dyn-kkab.delay.ooo:7734/h","https://dyn-evpw.gamingmaster.xyz:6857/h","https://dyn-knat.thegrand.top:4139/h","https://dyn-mtun.bless-charter.net:4083/h","https://dyn-gpxr.fourqt.com:8399/h","https://dyn-zvar.pluto3.org:1241/h","https://dyn-rhvm.try9.net:2823/h","https://dyn-rivd.excerpt.info:3345/h","https://dyn-wubm.enters-simply.net:7374/h","https://dyn-gjbg.seems.info:5430/h","https://dyn-gxwn.2po.info:1461/h","https://dyn-ibyi.dryer.life:7845/h","https://dyn-qyst.cameron-brian.net:6213/h","https://dyn-qhbi.delay.ooo:4545/h","https://dyn-ljlo.cameron-brian.net:1573/h","https://dyn-ipte.seats-robbie.com:2956/h","https://dyn-bejt.pimmel.top:8747/h","https://dyn-sdti.faith-invasion.com:9759/h","https://dyn-vbay.defend-broad.org:9813/h","https://dyn-gdvl.faith-invasion.com:4732/h","https://dyn-ryfk.delay.ooo:8706/h","https://dyn-dyrx.pluto3.org:4094/h","https://dyn-oyzg.wayne-decide.org:7454/h","https://dyn-zygg.moral.fun:4312/h","https://dyn-sufi.earth-dying.com:3987/h","https://dyn-bcux.dirty-derby.net:1749/h","https://dyn-twlv.referred.ooo:6216/h","https://dyn-oxga.stood.fun:3113/h","https://dyn-okva.sought.fun:7134/h","https://dyn-lgui.common-faced.com:4640/h","https://dyn-fnfl.fixes-fellow.com:3343/h","https://dyn-dotj.delay.ooo:9532/h","https://dyn-yeow.fixes-fellow.com:3124/h","https://dyn-lzku.seats-robbie.com:7342/h","https://dyn-wind.excerpt.info:6560/h","https://dyn-zaac.clicking.ooo:2175/h","https://dyn-cvhd.tracks.fun:10854/h","https://dyn-wdgl.loads-mariah.com:3365/h","https://dyn-gelo.restrict.ooo:5209/h","https://dyn-laea.charged.fun:1762/h","https://dyn-dyyt.loads-mariah.com:3559/h","https://dyn-ypti.gained-berlin.org:1949/h","https://dyn-semf.lender.fun:8496/h","https://dyn-kmlg.thirty-raise.net:4191/h","https://dyn-qwpf.seats-robbie.com:2618/h","https://dyn-tqpr.rotation.fun:3191/h","https://dyn-lcjz.spies.ooo:3436/h","https://dyn-jkkw.pimmel.top:10738/h","https://dyn-yjok.noticed.ooo:8757/h","https://dyn-hqsv.colon-teddy.fun:2388/h","https://dyn-kode.menus.life:9382/h","https://dyn-rndf.herein.world:2101/h","https://dyn-aass.fixes-fellow.com:6625/h","https://dyn-vnve.trips.ooo:1038/h","https://dyn-jgnq.common-faced.com:3156/h","https://dyn-ujjn.wealth-arcade.com:2438/h","https://dyn-oqtt.referred.ooo:2002/h","https://dyn-jktp.sought.fun:6882/h","https://dyn-ztae.thegrand.top:2332/h","https://dyn-gnqj.applies.top:7450/h","https://dyn-urzi.stood.fun:7795/h","https://dyn-vgoo.try9.net:7677/h","https://dyn-tztv.cameron-brian.net:6985/h","https://dyn-ivib.cnt2.net:1263/h","https://dyn-zipy.faith-invasion.com:10605/h","https://dyn-rbma.dryer.life:3921/h","https://dyn-kgwr.bedroom.life:10667/h","https://dyn-hagk.trips.ooo:5255/h","https://dyn-uogr.cameron-brian.net:7113/h","https://dyn-scqg.earth-dying.com:8901/h","https://dyn-whkb.priced.site:10383/h","https://dyn-qjxi.thegrand.top:6873/h","https://dyn-cwqa.faith-invasion.com:4823/h","https://dyn-vyou.menus.life:4914/h","https://dyn-gqwh.prior.world:10025/h","https://dyn-zujf.cream-regards.net:8270/h","https://dyn-fjoa.killed.world:5589/h","https://dyn-bksm.rules-tiger.org:2642/h","https://dyn-eexx.barriers-rides.net:7159/h","https://dyn-cniv.trips.ooo:3660/h","https://dyn-zjuo.restrict.ooo:8984/h","https://dyn-ezrf.cream-regards.net:5241/h","https://dyn-iwjh.fourqt.com:1271/h","https://dyn-gfpz.optics-thing.com:9705/h","https://dyn-aoza.gauge.world:4518/h","https://dyn-agsz.radical.fun:1429/h","https://dyn-tcwq.cream-regards.net:3508/h","https://dyn-unia.fixes-fellow.com:9050/h","https://dyn-rvvi.wealth-arcade.com:2052/h","https://dyn-sscf.greece-china.net:6218/h","https://dyn-ncfb.greece-china.net:9118/h","https://dyn-nidp.try9.net:3470/h","https://dyn-uwqq.fixes-fellow.com:9860/h","https://dyn-eqik.fixes-fellow.com:7058/h","https://dyn-hzjl.noticed.ooo:10429/h","https://dyn-lkuf.rotation.fun:5359/h","https://dyn-wgkb.menus.life:9161/h","https://dyn-uczo.loads-mariah.com:1452/h","https://dyn-czrp.seats-robbie.com:1887/h","https://dyn-fvui.radical.fun:1553/h","https://dyn-jhxa.dealt.ooo:4797/h","https://dyn-ivje.try9.net:1208/h","https://dyn-infa.penny-karen.com:5945/h","https://dyn-vcxn.herein.world:3588/h","https://dyn-axjk.herein.world:2725/h","https://dyn-dpsf.column-total.net:5623/h","https://dyn-txes.condo-forest.net:9677/h","https://dyn-twrl.gauge.world:7331/h","https://dyn-kxhd.defend-broad.org:2407/h","https://dyn-plxg.sought.fun:3376/h","https://dyn-gyhx.cnt2.net:3679/h","https://dyn-vokt.articles-subtle.net:1540/h","https://dyn-mufn.faith-invasion.com:10503/h","https://dyn-icoi.loads-mariah.com:9543/h","https://dyn-cbke.killed.world:8117/h","https://dyn-rnfk.prior.world:8983/h","https://dyn-ptkj.delay.ooo:6318/h","https://dyn-xsjx.lender.fun:7883/h","https://dyn-uabu.bless-charter.net:2257/h","https://dyn-edgr.gauge.world:4265/h","https://dyn-kwtg.cd-n.net:5174/h","https://dyn-gnna.klafive.com:5584/h","https://dyn-ifqs.cream-regards.net:9573/h","https://dyn-iqxk.cameron-brian.net:7720/h","https://dyn-elfp.barriers-rides.net:3613/h","https://dyn-tgci.fixes-fellow.com:7695/h","https://dyn-atpd.barriers-rides.net:2477/h","https://dyn-nzri.dealt.ooo:9258/h","https://dyn-mlcf.defend-broad.org:7847/h","https://dyn-cvey.menus.life:9853/h","https://dyn-ixmm.trips.ooo:5704/h","https://dyn-qcvz.defend-broad.org:8181/h","https://dyn-rgfh.freestat.org:3790/h","https://dyn-phyp.prior.world:1814/h","https://dyn-zful.earth-dying.com:8453/h","https://dyn-iohi.2po.info:1390/h","https://dyn-kctu.2po.info:7768/h","https://dyn-salo.barriers-rides.net:10367/h","https://dyn-bbix.faith-invasion.com:10264/h","https://dyn-ctpy.wealth-arcade.com:7835/h","https://dyn-papa.restrict.ooo:5848/h","https://dyn-rmhc.defend-broad.org:5966/h","https://dyn-geob.title-father.com:2308/h","https://dyn-gtdh.trips.ooo:2670/h","https://dyn-jnsw.crimes-segment.net:4777/h","https://dyn-rwyf.tracks.fun:4524/h","https://dyn-swol.seats-robbie.com:10794/h","https://dyn-tyqb.spies.ooo:5554/h","https://dyn-ekge.korea-injured.com:9634/h","https://dyn-bmap.seats-robbie.com:4158/h","https://dyn-xxvo.pimmel.top:2271/h","https://dyn-tyca.seems.info:3906/h","https://dyn-hdua.lender.fun:1784/h","https://dyn-pqkb.gained-berlin.org:1402/h","https://dyn-ixpd.cd-n.net:7192/h","https://dyn-molg.sought.fun:10835/h","https://dyn-jarw.gamingmaster.xyz:9488/h","https://dyn-ahxb.excerpt.info:10365/h","https://dyn-fulx.articles-subtle.net:4225/h","https://dyn-qaey.korea-injured.com:3413/h","https://dyn-hjcd.charged.fun:4821/h","https://dyn-bdig.trlone.com:2318/h","https://dyn-lgkr.enters-simply.net:9543/h","https://dyn-wohb.earth-dying.com:9862/h","https://dyn-carl.penny-karen.com:9070/h","https://dyn-ejdr.pimmel.top:10505/h","https://dyn-vjvp.sought.fun:2187/h","https://dyn-mahp.fourqt.com:2459/h","https://dyn-iqit.optics-thing.com:3541/h","https://dyn-olxy.articles-subtle.net:9236/h","https://dyn-fbha.cameron-brian.net:8967/h","https://dyn-uzgz.crimes-segment.net:9999/h","https://dyn-oimh.freestat.org:8468/h","https://dyn-wdlg.optics-thing.com:4802/h","https://dyn-eztx.hopcdn.com:3645/h","https://dyn-gahz.barriers-rides.net:7074/h","https://dyn-nxsj.prior.world:1082/h","https://dyn-kxua.trips.ooo:4376/h","https://dyn-oaih.referred.ooo:7114/h","https://dyn-oktx.column-total.net:4745/h","https://dyn-fagf.articles-subtle.net:4484/h","https://dyn-zeuy.optics-thing.com:9144/h","https://dyn-vnvy.greece-china.net:5030/h","https://dyn-zxra.hopcdn.com:6800/h","https://dyn-rzai.trips.ooo:7649/h","https://dyn-bunq.bedroom.life:8412/h","https://dyn-szni.condo-forest.net:1571/h","https://dyn-slwf.diltwo.com:4745/h","https://dyn-upsv.thirty-raise.net:2453/h","https://dyn-drdl.gained-berlin.org:1796/h","https://dyn-kwjv.killed.world:6090/h","https://dyn-upmc.pimmel.top:5054/h","https://dyn-tzrk.freestat.org:1791/h","https://dyn-vtyt.delay.ooo:10187/h","https://dyn-yzmz.2po.info:4809/h","https://dyn-gpds.klafive.com:10131/h","https://dyn-losj.cnt2.net:9052/h","https://dyn-wrhv.tracks.fun:7564/h","https://dyn-rxgf.penny-karen.com:4209/h","https://dyn-pupm.trlone.com:8141/h","https://dyn-jzvv.optics-thing.com:8051/h","https://dyn-oayg.wayne-decide.org:7192/h","https://dyn-ndpb.tracks.fun:9998/h","https://dyn-uyzz.dispute.ooo:2653/h","https://dyn-shcd.freestat.org:9007/h","https://dyn-xafs.klafive.com:7782/h","https://dyn-ziar.spies.ooo:8939/h","https://dyn-dpmo.tracks.fun:2202/h","https://dyn-irah.fourqt.com:7663/h","https://dyn-ivto.fourqt.com:5382/h","https://dyn-finm.title-father.com:7229/h","https://dyn-uuba.gauge.world:9702/h","https://dyn-ylcz.loads-mariah.com:8298/h","https://dyn-xbce.referred.ooo:3616/h"]}
